Knoten;;Bezugs-;Koordinaten-;Knotenkoordinaten;;;
Nr.;Knotentyp;Knoten;System;X [m];Y [m];Z [m];Kommentar
1;Standard;0;Kartesisch;0.000;0.000;-3.150;
2;Standard;0;Kartesisch;0.000;-0.100;-3.175;
3;Standard;0;Kartesisch;0.000;-0.200;-3.200;
4;Standard;0;Kartesisch;0.000;-0.300;-3.225;
5;Standard;0;Kartesisch;0.000;-0.400;-3.250;
6;Standard;0;Kartesisch;0.000;-0.500;-3.275;
7;Standard;0;Kartesisch;0.000;-0.600;-3.300;
8;Standard;0;Kartesisch;0.000;-0.700;-3.325;
9;Standard;0;Kartesisch;0.000;-0.800;-3.350;
10;Standard;0;Kartesisch;0.000;-0.900;-3.375;
11;Standard;0;Kartesisch;0.000;-1.000;-3.400;
12;Standard;0;Kartesisch;0.000;-1.100;-3.425;
13;Standard;0;Kartesisch;0.000;-1.200;-3.450;
14;Standard;0;Kartesisch;0.000;-1.300;-3.475;
15;Standard;0;Kartesisch;0.000;-1.400;-3.500;
16;Standard;0;Kartesisch;0.000;-1.500;-3.525;
17;Standard;0;Kartesisch;0.000;-1.600;-3.550;
18;Standard;0;Kartesisch;0.000;-1.700;-3.575;
19;Standard;0;Kartesisch;0.000;-1.800;-3.600;
20;Standard;0;Kartesisch;0.000;-1.900;-3.625;
21;Standard;0;Kartesisch;0.000;-2.000;-3.650;
22;Standard;0;Kartesisch;0.100;0.000;-3.175;
23;Standard;0;Kartesisch;0.100;-0.100;-3.199;
24;Standard;0;Kartesisch;0.100;-0.200;-3.224;
25;Standard;0;Kartesisch;0.100;-0.300;-3.248;
26;Standard;0;Kartesisch;0.100;-0.400;-3.273;
27;Standard;0;Kartesisch;0.100;-0.500;-3.297;
28;Standard;0;Kartesisch;0.100;-0.600;-3.321;
29;Standard;0;Kartesisch;0.100;-0.700;-3.346;
30;Standard;0;Kartesisch;0.100;-0.800;-3.370;
31;Standard;0;Kartesisch;0.100;-0.900;-3.394;
32;Standard;0;Kartesisch;0.100;-1.000;-3.419;
33;Standard;0;Kartesisch;0.100;-1.100;-3.443;
34;Standard;0;Kartesisch;0.100;-1.200;-3.468;
35;Standard;0;Kartesisch;0.100;-1.300;-3.492;
36;Standard;0;Kartesisch;0.100;-1.400;-3.516;
37;Standard;0;Kartesisch;0.100;-1.500;-3.541;
38;Standard;0;Kartesisch;0.100;-1.600;-3.565;
39;Standard;0;Kartesisch;0.100;-1.700;-3.589;
40;Standard;0;Kartesisch;0.100;-1.800;-3.614;
41;Standard;0;Kartesisch;0.100;-1.900;-3.638;
42;Standard;0;Kartesisch;0.100;-2.000;-3.663;
43;Standard;0;Kartesisch;0.200;0.000;-3.200;
44;Standard;0;Kartesisch;0.200;-0.100;-3.224;
45;Standard;0;Kartesisch;0.200;-0.200;-3.248;
46;Standard;0;Kartesisch;0.200;-0.300;-3.271;
47;Standard;0;Kartesisch;0.200;-0.400;-3.295;
48;Standard;0;Kartesisch;0.200;-0.500;-3.319;
49;Standard;0;Kartesisch;0.200;-0.600;-3.343;
50;Standard;0;Kartesisch;0.200;-0.700;-3.366;
51;Standard;0;Kartesisch;0.200;-0.800;-3.390;
52;Standard;0;Kartesisch;0.200;-0.900;-3.414;
53;Standard;0;Kartesisch;0.200;-1.000;-3.438;
54;Standard;0;Kartesisch;0.200;-1.100;-3.461;
55;Standard;0;Kartesisch;0.200;-1.200;-3.485;
56;Standard;0;Kartesisch;0.200;-1.300;-3.509;
57;Standard;0;Kartesisch;0.200;-1.400;-3.533;
58;Standard;0;Kartesisch;0.200;-1.500;-3.556;
59;Standard;0;Kartesisch;0.200;-1.600;-3.580;
60;Standard;0;Kartesisch;0.200;-1.700;-3.604;
61;Standard;0;Kartesisch;0.200;-1.800;-3.628;
62;Standard;0;Kartesisch;0.200;-1.900;-3.651;
63;Standard;0;Kartesisch;0.200;-2.000;-3.675;
64;Standard;0;Kartesisch;0.300;0.000;-3.225;
65;Standard;0;Kartesisch;0.300;-0.100;-3.248;
66;Standard;0;Kartesisch;0.300;-0.200;-3.271;
67;Standard;0;Kartesisch;0.300;-0.300;-3.294;
68;Standard;0;Kartesisch;0.300;-0.400;-3.318;
69;Standard;0;Kartesisch;0.300;-0.500;-3.341;
70;Standard;0;Kartesisch;0.300;-0.600;-3.364;
71;Standard;0;Kartesisch;0.300;-0.700;-3.387;
72;Standard;0;Kartesisch;0.300;-0.800;-3.410;
73;Standard;0;Kartesisch;0.300;-0.900;-3.433;
74;Standard;0;Kartesisch;0.300;-1.000;-3.456;
75;Standard;0;Kartesisch;0.300;-1.100;-3.479;
76;Standard;0;Kartesisch;0.300;-1.200;-3.503;
77;Standard;0;Kartesisch;0.300;-1.300;-3.526;
78;Standard;0;Kartesisch;0.300;-1.400;-3.549;
79;Standard;0;Kartesisch;0.300;-1.500;-3.572;
80;Standard;0;Kartesisch;0.300;-1.600;-3.595;
81;Standard;0;Kartesisch;0.300;-1.700;-3.618;
82;Standard;0;Kartesisch;0.300;-1.800;-3.641;
83;Standard;0;Kartesisch;0.300;-1.900;-3.664;
84;Standard;0;Kartesisch;0.300;-2.000;-3.688;
85;Standard;0;Kartesisch;0.400;0.000;-3.250;
86;Standard;0;Kartesisch;0.400;-0.100;-3.273;
87;Standard;0;Kartesisch;0.400;-0.200;-3.295;
88;Standard;0;Kartesisch;0.400;-0.300;-3.318;
89;Standard;0;Kartesisch;0.400;-0.400;-3.340;
90;Standard;0;Kartesisch;0.400;-0.500;-3.363;
91;Standard;0;Kartesisch;0.400;-0.600;-3.385;
92;Standard;0;Kartesisch;0.400;-0.700;-3.408;
93;Standard;0;Kartesisch;0.400;-0.800;-3.430;
94;Standard;0;Kartesisch;0.400;-0.900;-3.453;
95;Standard;0;Kartesisch;0.400;-1.000;-3.475;
96;Standard;0;Kartesisch;0.400;-1.100;-3.498;
97;Standard;0;Kartesisch;0.400;-1.200;-3.520;
98;Standard;0;Kartesisch;0.400;-1.300;-3.543;
99;Standard;0;Kartesisch;0.400;-1.400;-3.565;
100;Standard;0;Kartesisch;0.400;-1.500;-3.588;
101;Standard;0;Kartesisch;0.400;-1.600;-3.610;
102;Standard;0;Kartesisch;0.400;-1.700;-3.633;
103;Standard;0;Kartesisch;0.400;-1.800;-3.655;
104;Standard;0;Kartesisch;0.400;-1.900;-3.678;
105;Standard;0;Kartesisch;0.400;-2.000;-3.700;
106;Standard;0;Kartesisch;0.500;0.000;-3.275;
107;Standard;0;Kartesisch;0.500;-0.100;-3.297;
108;Standard;0;Kartesisch;0.500;-0.200;-3.319;
109;Standard;0;Kartesisch;0.500;-0.300;-3.341;
110;Standard;0;Kartesisch;0.500;-0.400;-3.363;
111;Standard;0;Kartesisch;0.500;-0.500;-3.384;
112;Standard;0;Kartesisch;0.500;-0.600;-3.406;
113;Standard;0;Kartesisch;0.500;-0.700;-3.428;
114;Standard;0;Kartesisch;0.500;-0.800;-3.450;
115;Standard;0;Kartesisch;0.500;-0.900;-3.472;
116;Standard;0;Kartesisch;0.500;-1.000;-3.494;
117;Standard;0;Kartesisch;0.500;-1.100;-3.516;
118;Standard;0;Kartesisch;0.500;-1.200;-3.538;
119;Standard;0;Kartesisch;0.500;-1.300;-3.559;
120;Standard;0;Kartesisch;0.500;-1.400;-3.581;
121;Standard;0;Kartesisch;0.500;-1.500;-3.603;
122;Standard;0;Kartesisch;0.500;-1.600;-3.625;
123;Standard;0;Kartesisch;0.500;-1.700;-3.647;
124;Standard;0;Kartesisch;0.500;-1.800;-3.669;
125;Standard;0;Kartesisch;0.500;-1.900;-3.691;
126;Standard;0;Kartesisch;0.500;-2.000;-3.713;
127;Standard;0;Kartesisch;0.600;0.000;-3.300;
128;Standard;0;Kartesisch;0.600;-0.100;-3.321;
129;Standard;0;Kartesisch;0.600;-0.200;-3.343;
130;Standard;0;Kartesisch;0.600;-0.300;-3.364;
131;Standard;0;Kartesisch;0.600;-0.400;-3.385;
132;Standard;0;Kartesisch;0.600;-0.500;-3.406;
133;Standard;0;Kartesisch;0.600;-0.600;-3.428;
134;Standard;0;Kartesisch;0.600;-0.700;-3.449;
135;Standard;0;Kartesisch;0.600;-0.800;-3.470;
136;Standard;0;Kartesisch;0.600;-0.900;-3.491;
137;Standard;0;Kartesisch;0.600;-1.000;-3.513;
138;Standard;0;Kartesisch;0.600;-1.100;-3.534;
139;Standard;0;Kartesisch;0.600;-1.200;-3.555;
140;Standard;0;Kartesisch;0.600;-1.300;-3.576;
141;Standard;0;Kartesisch;0.600;-1.400;-3.598;
142;Standard;0;Kartesisch;0.600;-1.500;-3.619;
143;Standard;0;Kartesisch;0.600;-1.600;-3.640;
144;Standard;0;Kartesisch;0.600;-1.700;-3.661;
145;Standard;0;Kartesisch;0.600;-1.800;-3.683;
146;Standard;0;Kartesisch;0.600;-1.900;-3.704;
147;Standard;0;Kartesisch;0.600;-2.000;-3.725;
148;Standard;0;Kartesisch;0.700;0.000;-3.325;
149;Standard;0;Kartesisch;0.700;-0.100;-3.346;
150;Standard;0;Kartesisch;0.700;-0.200;-3.366;
151;Standard;0;Kartesisch;0.700;-0.300;-3.387;
152;Standard;0;Kartesisch;0.700;-0.400;-3.408;
153;Standard;0;Kartesisch;0.700;-0.500;-3.428;
154;Standard;0;Kartesisch;0.700;-0.600;-3.449;
155;Standard;0;Kartesisch;0.700;-0.700;-3.469;
156;Standard;0;Kartesisch;0.700;-0.800;-3.490;
157;Standard;0;Kartesisch;0.700;-0.900;-3.511;
158;Standard;0;Kartesisch;0.700;-1.000;-3.531;
159;Standard;0;Kartesisch;0.700;-1.100;-3.552;
160;Standard;0;Kartesisch;0.700;-1.200;-3.573;
161;Standard;0;Kartesisch;0.700;-1.300;-3.593;
162;Standard;0;Kartesisch;0.700;-1.400;-3.614;
163;Standard;0;Kartesisch;0.700;-1.500;-3.634;
164;Standard;0;Kartesisch;0.700;-1.600;-3.655;
165;Standard;0;Kartesisch;0.700;-1.700;-3.676;
166;Standard;0;Kartesisch;0.700;-1.800;-3.696;
167;Standard;0;Kartesisch;0.700;-1.900;-3.717;
168;Standard;0;Kartesisch;0.700;-2.000;-3.738;
169;Standard;0;Kartesisch;0.800;0.000;-3.350;
170;Standard;0;Kartesisch;0.800;-0.100;-3.370;
171;Standard;0;Kartesisch;0.800;-0.200;-3.390;
172;Standard;0;Kartesisch;0.800;-0.300;-3.410;
173;Standard;0;Kartesisch;0.800;-0.400;-3.430;
174;Standard;0;Kartesisch;0.800;-0.500;-3.450;
175;Standard;0;Kartesisch;0.800;-0.600;-3.470;
176;Standard;0;Kartesisch;0.800;-0.700;-3.490;
177;Standard;0;Kartesisch;0.800;-0.800;-3.510;
178;Standard;0;Kartesisch;0.800;-0.900;-3.530;
179;Standard;0;Kartesisch;0.800;-1.000;-3.550;
180;Standard;0;Kartesisch;0.800;-1.100;-3.570;
181;Standard;0;Kartesisch;0.800;-1.200;-3.590;
182;Standard;0;Kartesisch;0.800;-1.300;-3.610;
183;Standard;0;Kartesisch;0.800;-1.400;-3.630;
184;Standard;0;Kartesisch;0.800;-1.500;-3.650;
185;Standard;0;Kartesisch;0.800;-1.600;-3.670;
186;Standard;0;Kartesisch;0.800;-1.700;-3.690;
187;Standard;0;Kartesisch;0.800;-1.800;-3.710;
188;Standard;0;Kartesisch;0.800;-1.900;-3.730;
189;Standard;0;Kartesisch;0.800;-2.000;-3.750;
190;Standard;0;Kartesisch;0.900;0.000;-3.375;
191;Standard;0;Kartesisch;0.900;-0.100;-3.394;
192;Standard;0;Kartesisch;0.900;-0.200;-3.414;
193;Standard;0;Kartesisch;0.900;-0.300;-3.433;
194;Standard;0;Kartesisch;0.900;-0.400;-3.453;
195;Standard;0;Kartesisch;0.900;-0.500;-3.472;
196;Standard;0;Kartesisch;0.900;-0.600;-3.491;
197;Standard;0;Kartesisch;0.900;-0.700;-3.511;
198;Standard;0;Kartesisch;0.900;-0.800;-3.530;
199;Standard;0;Kartesisch;0.900;-0.900;-3.549;
200;Standard;0;Kartesisch;0.900;-1.000;-3.569;
201;Standard;0;Kartesisch;0.900;-1.100;-3.588;
202;Standard;0;Kartesisch;0.900;-1.200;-3.608;
203;Standard;0;Kartesisch;0.900;-1.300;-3.627;
204;Standard;0;Kartesisch;0.900;-1.400;-3.646;
205;Standard;0;Kartesisch;0.900;-1.500;-3.666;
206;Standard;0;Kartesisch;0.900;-1.600;-3.685;
207;Standard;0;Kartesisch;0.900;-1.700;-3.704;
208;Standard;0;Kartesisch;0.900;-1.800;-3.724;
209;Standard;0;Kartesisch;0.900;-1.900;-3.743;
210;Standard;0;Kartesisch;0.900;-2.000;-3.763;
211;Standard;0;Kartesisch;1.000;0.000;-3.400;
212;Standard;0;Kartesisch;1.000;-0.100;-3.419;
213;Standard;0;Kartesisch;1.000;-0.200;-3.438;
214;Standard;0;Kartesisch;1.000;-0.300;-3.456;
215;Standard;0;Kartesisch;1.000;-0.400;-3.475;
216;Standard;0;Kartesisch;1.000;-0.500;-3.494;
217;Standard;0;Kartesisch;1.000;-0.600;-3.513;
218;Standard;0;Kartesisch;1.000;-0.700;-3.531;
219;Standard;0;Kartesisch;1.000;-0.800;-3.550;
220;Standard;0;Kartesisch;1.000;-0.900;-3.569;
221;Standard;0;Kartesisch;1.000;-1.000;-3.588;
222;Standard;0;Kartesisch;1.000;-1.100;-3.606;
223;Standard;0;Kartesisch;1.000;-1.200;-3.625;
224;Standard;0;Kartesisch;1.000;-1.300;-3.644;
225;Standard;0;Kartesisch;1.000;-1.400;-3.663;
226;Standard;0;Kartesisch;1.000;-1.500;-3.681;
227;Standard;0;Kartesisch;1.000;-1.600;-3.700;
228;Standard;0;Kartesisch;1.000;-1.700;-3.719;
229;Standard;0;Kartesisch;1.000;-1.800;-3.738;
230;Standard;0;Kartesisch;1.000;-1.900;-3.756;
231;Standard;0;Kartesisch;1.000;-2.000;-3.775;
232;Standard;0;Kartesisch;1.100;0.000;-3.425;
233;Standard;0;Kartesisch;1.100;-0.100;-3.443;
234;Standard;0;Kartesisch;1.100;-0.200;-3.461;
235;Standard;0;Kartesisch;1.100;-0.300;-3.479;
236;Standard;0;Kartesisch;1.100;-0.400;-3.498;
237;Standard;0;Kartesisch;1.100;-0.500;-3.516;
238;Standard;0;Kartesisch;1.100;-0.600;-3.534;
239;Standard;0;Kartesisch;1.100;-0.700;-3.552;
240;Standard;0;Kartesisch;1.100;-0.800;-3.570;
241;Standard;0;Kartesisch;1.100;-0.900;-3.588;
242;Standard;0;Kartesisch;1.100;-1.000;-3.606;
243;Standard;0;Kartesisch;1.100;-1.100;-3.624;
244;Standard;0;Kartesisch;1.100;-1.200;-3.643;
245;Standard;0;Kartesisch;1.100;-1.300;-3.661;
246;Standard;0;Kartesisch;1.100;-1.400;-3.679;
247;Standard;0;Kartesisch;1.100;-1.500;-3.697;
248;Standard;0;Kartesisch;1.100;-1.600;-3.715;
249;Standard;0;Kartesisch;1.100;-1.700;-3.733;
250;Standard;0;Kartesisch;1.100;-1.800;-3.751;
251;Standard;0;Kartesisch;1.100;-1.900;-3.769;
252;Standard;0;Kartesisch;1.100;-2.000;-3.788;
253;Standard;0;Kartesisch;1.200;0.000;-3.450;
254;Standard;0;Kartesisch;1.200;-0.100;-3.468;
255;Standard;0;Kartesisch;1.200;-0.200;-3.485;
256;Standard;0;Kartesisch;1.200;-0.300;-3.503;
257;Standard;0;Kartesisch;1.200;-0.400;-3.520;
258;Standard;0;Kartesisch;1.200;-0.500;-3.538;
259;Standard;0;Kartesisch;1.200;-0.600;-3.555;
260;Standard;0;Kartesisch;1.200;-0.700;-3.573;
261;Standard;0;Kartesisch;1.200;-0.800;-3.590;
262;Standard;0;Kartesisch;1.200;-0.900;-3.608;
263;Standard;0;Kartesisch;1.200;-1.000;-3.625;
264;Standard;0;Kartesisch;1.200;-1.100;-3.643;
265;Standard;0;Kartesisch;1.200;-1.200;-3.660;
266;Standard;0;Kartesisch;1.200;-1.300;-3.678;
267;Standard;0;Kartesisch;1.200;-1.400;-3.695;
268;Standard;0;Kartesisch;1.200;-1.500;-3.713;
269;Standard;0;Kartesisch;1.200;-1.600;-3.730;
270;Standard;0;Kartesisch;1.200;-1.700;-3.748;
271;Standard;0;Kartesisch;1.200;-1.800;-3.765;
272;Standard;0;Kartesisch;1.200;-1.900;-3.783;
273;Standard;0;Kartesisch;1.200;-2.000;-3.800;
274;Standard;0;Kartesisch;1.300;0.000;-3.475;
275;Standard;0;Kartesisch;1.300;-0.100;-3.492;
276;Standard;0;Kartesisch;1.300;-0.200;-3.509;
277;Standard;0;Kartesisch;1.300;-0.300;-3.526;
278;Standard;0;Kartesisch;1.300;-0.400;-3.543;
279;Standard;0;Kartesisch;1.300;-0.500;-3.559;
280;Standard;0;Kartesisch;1.300;-0.600;-3.576;
281;Standard;0;Kartesisch;1.300;-0.700;-3.593;
282;Standard;0;Kartesisch;1.300;-0.800;-3.610;
283;Standard;0;Kartesisch;1.300;-0.900;-3.627;
284;Standard;0;Kartesisch;1.300;-1.000;-3.644;
285;Standard;0;Kartesisch;1.300;-1.100;-3.661;
286;Standard;0;Kartesisch;1.300;-1.200;-3.678;
287;Standard;0;Kartesisch;1.300;-1.300;-3.694;
288;Standard;0;Kartesisch;1.300;-1.400;-3.711;
289;Standard;0;Kartesisch;1.300;-1.500;-3.728;
290;Standard;0;Kartesisch;1.300;-1.600;-3.745;
291;Standard;0;Kartesisch;1.300;-1.700;-3.762;
292;Standard;0;Kartesisch;1.300;-1.800;-3.779;
293;Standard;0;Kartesisch;1.300;-1.900;-3.796;
294;Standard;0;Kartesisch;1.300;-2.000;-3.813;
295;Standard;0;Kartesisch;1.400;0.000;-3.500;
296;Standard;0;Kartesisch;1.400;-0.100;-3.516;
297;Standard;0;Kartesisch;1.400;-0.200;-3.533;
298;Standard;0;Kartesisch;1.400;-0.300;-3.549;
299;Standard;0;Kartesisch;1.400;-0.400;-3.565;
300;Standard;0;Kartesisch;1.400;-0.500;-3.581;
301;Standard;0;Kartesisch;1.400;-0.600;-3.598;
302;Standard;0;Kartesisch;1.400;-0.700;-3.614;
303;Standard;0;Kartesisch;1.400;-0.800;-3.630;
304;Standard;0;Kartesisch;1.400;-0.900;-3.646;
305;Standard;0;Kartesisch;1.400;-1.000;-3.663;
306;Standard;0;Kartesisch;1.400;-1.100;-3.679;
307;Standard;0;Kartesisch;1.400;-1.200;-3.695;
308;Standard;0;Kartesisch;1.400;-1.300;-3.711;
309;Standard;0;Kartesisch;1.400;-1.400;-3.728;
310;Standard;0;Kartesisch;1.400;-1.500;-3.744;
311;Standard;0;Kartesisch;1.400;-1.600;-3.760;
312;Standard;0;Kartesisch;1.400;-1.700;-3.776;
313;Standard;0;Kartesisch;1.400;-1.800;-3.793;
314;Standard;0;Kartesisch;1.400;-1.900;-3.809;
315;Standard;0;Kartesisch;1.400;-2.000;-3.825;
316;Standard;0;Kartesisch;1.500;0.000;-3.525;
317;Standard;0;Kartesisch;1.500;-0.100;-3.541;
318;Standard;0;Kartesisch;1.500;-0.200;-3.556;
319;Standard;0;Kartesisch;1.500;-0.300;-3.572;
320;Standard;0;Kartesisch;1.500;-0.400;-3.588;
321;Standard;0;Kartesisch;1.500;-0.500;-3.603;
322;Standard;0;Kartesisch;1.500;-0.600;-3.619;
323;Standard;0;Kartesisch;1.500;-0.700;-3.634;
324;Standard;0;Kartesisch;1.500;-0.800;-3.650;
325;Standard;0;Kartesisch;1.500;-0.900;-3.666;
326;Standard;0;Kartesisch;1.500;-1.000;-3.681;
327;Standard;0;Kartesisch;1.500;-1.100;-3.697;
328;Standard;0;Kartesisch;1.500;-1.200;-3.713;
329;Standard;0;Kartesisch;1.500;-1.300;-3.728;
330;Standard;0;Kartesisch;1.500;-1.400;-3.744;
331;Standard;0;Kartesisch;1.500;-1.500;-3.759;
332;Standard;0;Kartesisch;1.500;-1.600;-3.775;
333;Standard;0;Kartesisch;1.500;-1.700;-3.791;
334;Standard;0;Kartesisch;1.500;-1.800;-3.806;
335;Standard;0;Kartesisch;1.500;-1.900;-3.822;
336;Standard;0;Kartesisch;1.500;-2.000;-3.838;
337;Standard;0;Kartesisch;1.600;0.000;-3.550;
338;Standard;0;Kartesisch;1.600;-0.100;-3.565;
339;Standard;0;Kartesisch;1.600;-0.200;-3.580;
340;Standard;0;Kartesisch;1.600;-0.300;-3.595;
341;Standard;0;Kartesisch;1.600;-0.400;-3.610;
342;Standard;0;Kartesisch;1.600;-0.500;-3.625;
343;Standard;0;Kartesisch;1.600;-0.600;-3.640;
344;Standard;0;Kartesisch;1.600;-0.700;-3.655;
345;Standard;0;Kartesisch;1.600;-0.800;-3.670;
346;Standard;0;Kartesisch;1.600;-0.900;-3.685;
347;Standard;0;Kartesisch;1.600;-1.000;-3.700;
348;Standard;0;Kartesisch;1.600;-1.100;-3.715;
349;Standard;0;Kartesisch;1.600;-1.200;-3.730;
350;Standard;0;Kartesisch;1.600;-1.300;-3.745;
351;Standard;0;Kartesisch;1.600;-1.400;-3.760;
352;Standard;0;Kartesisch;1.600;-1.500;-3.775;
353;Standard;0;Kartesisch;1.600;-1.600;-3.790;
354;Standard;0;Kartesisch;1.600;-1.700;-3.805;
355;Standard;0;Kartesisch;1.600;-1.800;-3.820;
356;Standard;0;Kartesisch;1.600;-1.900;-3.835;
357;Standard;0;Kartesisch;1.600;-2.000;-3.850;
358;Standard;0;Kartesisch;1.700;0.000;-3.575;
359;Standard;0;Kartesisch;1.700;-0.100;-3.589;
360;Standard;0;Kartesisch;1.700;-0.200;-3.604;
361;Standard;0;Kartesisch;1.700;-0.300;-3.618;
362;Standard;0;Kartesisch;1.700;-0.400;-3.633;
363;Standard;0;Kartesisch;1.700;-0.500;-3.647;
364;Standard;0;Kartesisch;1.700;-0.600;-3.661;
365;Standard;0;Kartesisch;1.700;-0.700;-3.676;
366;Standard;0;Kartesisch;1.700;-0.800;-3.690;
367;Standard;0;Kartesisch;1.700;-0.900;-3.704;
368;Standard;0;Kartesisch;1.700;-1.000;-3.719;
369;Standard;0;Kartesisch;1.700;-1.100;-3.733;
370;Standard;0;Kartesisch;1.700;-1.200;-3.748;
371;Standard;0;Kartesisch;1.700;-1.300;-3.762;
372;Standard;0;Kartesisch;1.700;-1.400;-3.776;
373;Standard;0;Kartesisch;1.700;-1.500;-3.791;
374;Standard;0;Kartesisch;1.700;-1.600;-3.805;
375;Standard;0;Kartesisch;1.700;-1.700;-3.819;
376;Standard;0;Kartesisch;1.700;-1.800;-3.834;
377;Standard;0;Kartesisch;1.700;-1.900;-3.848;
378;Standard;0;Kartesisch;1.700;-2.000;-3.863;
379;Standard;0;Kartesisch;1.800;0.000;-3.600;
380;Standard;0;Kartesisch;1.800;-0.100;-3.614;
381;Standard;0;Kartesisch;1.800;-0.200;-3.628;
382;Standard;0;Kartesisch;1.800;-0.300;-3.641;
383;Standard;0;Kartesisch;1.800;-0.400;-3.655;
384;Standard;0;Kartesisch;1.800;-0.500;-3.669;
385;Standard;0;Kartesisch;1.800;-0.600;-3.683;
386;Standard;0;Kartesisch;1.800;-0.700;-3.696;
387;Standard;0;Kartesisch;1.800;-0.800;-3.710;
388;Standard;0;Kartesisch;1.800;-0.900;-3.724;
389;Standard;0;Kartesisch;1.800;-1.000;-3.738;
390;Standard;0;Kartesisch;1.800;-1.100;-3.751;
391;Standard;0;Kartesisch;1.800;-1.200;-3.765;
392;Standard;0;Kartesisch;1.800;-1.300;-3.779;
393;Standard;0;Kartesisch;1.800;-1.400;-3.793;
394;Standard;0;Kartesisch;1.800;-1.500;-3.806;
395;Standard;0;Kartesisch;1.800;-1.600;-3.820;
396;Standard;0;Kartesisch;1.800;-1.700;-3.834;
397;Standard;0;Kartesisch;1.800;-1.800;-3.848;
398;Standard;0;Kartesisch;1.800;-1.900;-3.861;
399;Standard;0;Kartesisch;1.800;-2.000;-3.875;
400;Standard;0;Kartesisch;1.900;0.000;-3.625;
401;Standard;0;Kartesisch;1.900;-0.100;-3.638;
402;Standard;0;Kartesisch;1.900;-0.200;-3.651;
403;Standard;0;Kartesisch;1.900;-0.300;-3.664;
404;Standard;0;Kartesisch;1.900;-0.400;-3.678;
405;Standard;0;Kartesisch;1.900;-0.500;-3.691;
406;Standard;0;Kartesisch;1.900;-0.600;-3.704;
407;Standard;0;Kartesisch;1.900;-0.700;-3.717;
408;Standard;0;Kartesisch;1.900;-0.800;-3.730;
409;Standard;0;Kartesisch;1.900;-0.900;-3.743;
410;Standard;0;Kartesisch;1.900;-1.000;-3.756;
411;Standard;0;Kartesisch;1.900;-1.100;-3.769;
412;Standard;0;Kartesisch;1.900;-1.200;-3.783;
413;Standard;0;Kartesisch;1.900;-1.300;-3.796;
414;Standard;0;Kartesisch;1.900;-1.400;-3.809;
415;Standard;0;Kartesisch;1.900;-1.500;-3.822;
416;Standard;0;Kartesisch;1.900;-1.600;-3.835;
417;Standard;0;Kartesisch;1.900;-1.700;-3.848;
418;Standard;0;Kartesisch;1.900;-1.800;-3.861;
419;Standard;0;Kartesisch;1.900;-1.900;-3.874;
420;Standard;0;Kartesisch;1.900;-2.000;-3.888;
421;Standard;0;Kartesisch;2.000;0.000;-3.650;
422;Standard;0;Kartesisch;2.000;-0.100;-3.663;
423;Standard;0;Kartesisch;2.000;-0.200;-3.675;
424;Standard;0;Kartesisch;2.000;-0.300;-3.688;
425;Standard;0;Kartesisch;2.000;-0.400;-3.700;
426;Standard;0;Kartesisch;2.000;-0.500;-3.713;
427;Standard;0;Kartesisch;2.000;-0.600;-3.725;
428;Standard;0;Kartesisch;2.000;-0.700;-3.738;
429;Standard;0;Kartesisch;2.000;-0.800;-3.750;
430;Standard;0;Kartesisch;2.000;-0.900;-3.763;
431;Standard;0;Kartesisch;2.000;-1.000;-3.775;
432;Standard;0;Kartesisch;2.000;-1.100;-3.788;
433;Standard;0;Kartesisch;2.000;-1.200;-3.800;
434;Standard;0;Kartesisch;2.000;-1.300;-3.813;
435;Standard;0;Kartesisch;2.000;-1.400;-3.825;
436;Standard;0;Kartesisch;2.000;-1.500;-3.838;
437;Standard;0;Kartesisch;2.000;-1.600;-3.850;
438;Standard;0;Kartesisch;2.000;-1.700;-3.863;
439;Standard;0;Kartesisch;2.000;-1.800;-3.875;
440;Standard;0;Kartesisch;2.000;-1.900;-3.888;
441;Standard;0;Kartesisch;2.000;-2.000;-3.900;
442;Standard;0;Kartesisch;0.000;-2.400;-3.750;
443;Standard;0;Kartesisch;0.000;-2.800;-3.850;
444;Standard;0;Kartesisch;0.000;-3.200;-3.950;
445;Standard;0;Kartesisch;0.000;-3.600;-4.050;
446;Standard;0;Kartesisch;0.000;-4.000;-4.150;
447;Standard;0;Kartesisch;0.400;-2.400;-3.790;
448;Standard;0;Kartesisch;0.400;-2.800;-3.880;
449;Standard;0;Kartesisch;0.400;-3.200;-3.970;
450;Standard;0;Kartesisch;0.400;-3.600;-4.060;
451;Standard;0;Kartesisch;0.400;-4.000;-4.150;
452;Standard;0;Kartesisch;0.800;-2.400;-3.830;
453;Standard;0;Kartesisch;0.800;-2.800;-3.910;
454;Standard;0;Kartesisch;0.800;-3.200;-3.990;
455;Standard;0;Kartesisch;0.800;-3.600;-4.070;
456;Standard;0;Kartesisch;0.800;-4.000;-4.150;
457;Standard;0;Kartesisch;1.200;-2.400;-3.870;
458;Standard;0;Kartesisch;1.200;-2.800;-3.940;
459;Standard;0;Kartesisch;1.200;-3.200;-4.010;
460;Standard;0;Kartesisch;1.200;-3.600;-4.080;
461;Standard;0;Kartesisch;1.200;-4.000;-4.150;
462;Standard;0;Kartesisch;1.600;-2.400;-3.910;
463;Standard;0;Kartesisch;1.600;-2.800;-3.970;
464;Standard;0;Kartesisch;1.600;-3.200;-4.030;
465;Standard;0;Kartesisch;1.600;-3.600;-4.090;
466;Standard;0;Kartesisch;1.600;-4.000;-4.150;
467;Standard;0;Kartesisch;2.000;-2.400;-3.950;
468;Standard;0;Kartesisch;2.000;-2.800;-4.000;
469;Standard;0;Kartesisch;2.000;-3.200;-4.050;
470;Standard;0;Kartesisch;2.000;-3.600;-4.100;
471;Standard;0;Kartesisch;2.000;-4.000;-4.150;
472;Standard;0;Kartesisch;2.400;0.000;-3.750;
473;Standard;0;Kartesisch;2.400;-0.400;-3.790;
474;Standard;0;Kartesisch;2.400;-0.800;-3.830;
475;Standard;0;Kartesisch;2.400;-1.200;-3.870;
476;Standard;0;Kartesisch;2.400;-1.600;-3.910;
477;Standard;0;Kartesisch;2.400;-2.000;-3.950;
478;Standard;0;Kartesisch;2.400;-2.400;-3.990;
479;Standard;0;Kartesisch;2.400;-2.800;-4.030;
480;Standard;0;Kartesisch;2.400;-3.200;-4.070;
481;Standard;0;Kartesisch;2.400;-3.600;-4.110;
482;Standard;0;Kartesisch;2.400;-4.000;-4.150;
483;Standard;0;Kartesisch;2.800;0.000;-3.850;
484;Standard;0;Kartesisch;2.800;-0.400;-3.880;
485;Standard;0;Kartesisch;2.800;-0.800;-3.910;
486;Standard;0;Kartesisch;2.800;-1.200;-3.940;
487;Standard;0;Kartesisch;2.800;-1.600;-3.970;
488;Standard;0;Kartesisch;2.800;-2.000;-4.000;
489;Standard;0;Kartesisch;2.800;-2.400;-4.030;
490;Standard;0;Kartesisch;2.800;-2.800;-4.060;
491;Standard;0;Kartesisch;2.800;-3.200;-4.090;
492;Standard;0;Kartesisch;2.800;-3.600;-4.120;
493;Standard;0;Kartesisch;2.800;-4.000;-4.150;
494;Standard;0;Kartesisch;3.200;0.000;-3.950;
495;Standard;0;Kartesisch;3.200;-0.400;-3.970;
496;Standard;0;Kartesisch;3.200;-0.800;-3.990;
497;Standard;0;Kartesisch;3.200;-1.200;-4.010;
498;Standard;0;Kartesisch;3.200;-1.600;-4.030;
499;Standard;0;Kartesisch;3.200;-2.000;-4.050;
500;Standard;0;Kartesisch;3.200;-2.400;-4.070;
501;Standard;0;Kartesisch;3.200;-2.800;-4.090;
502;Standard;0;Kartesisch;3.200;-3.200;-4.110;
503;Standard;0;Kartesisch;3.200;-3.600;-4.130;
504;Standard;0;Kartesisch;3.200;-4.000;-4.150;
505;Standard;0;Kartesisch;3.600;0.000;-4.050;
506;Standard;0;Kartesisch;3.600;-0.400;-4.060;
507;Standard;0;Kartesisch;3.600;-0.800;-4.070;
508;Standard;0;Kartesisch;3.600;-1.200;-4.080;
509;Standard;0;Kartesisch;3.600;-1.600;-4.090;
510;Standard;0;Kartesisch;3.600;-2.000;-4.100;
511;Standard;0;Kartesisch;3.600;-2.400;-4.110;
512;Standard;0;Kartesisch;3.600;-2.800;-4.120;
513;Standard;0;Kartesisch;3.600;-3.200;-4.130;
514;Standard;0;Kartesisch;3.600;-3.600;-4.140;
515;Standard;0;Kartesisch;3.600;-4.000;-4.150;
516;Standard;0;Kartesisch;4.000;0.000;-4.150;
517;Standard;0;Kartesisch;4.000;-0.400;-4.150;
518;Standard;0;Kartesisch;4.000;-0.800;-4.150;
519;Standard;0;Kartesisch;4.000;-1.200;-4.150;
520;Standard;0;Kartesisch;4.000;-1.600;-4.150;
521;Standard;0;Kartesisch;4.000;-2.000;-4.150;
522;Standard;0;Kartesisch;4.000;-2.400;-4.150;
523;Standard;0;Kartesisch;4.000;-2.800;-4.150;
524;Standard;0;Kartesisch;4.000;-3.200;-4.150;
525;Standard;0;Kartesisch;4.000;-3.600;-4.150;
526;Standard;0;Kartesisch;4.000;-4.000;-4.150;
527;;;;;;;
528;Standard;0;Kartesisch;0.000;0.100;-3.175;
529;Standard;0;Kartesisch;0.000;0.200;-3.200;
530;Standard;0;Kartesisch;0.000;0.300;-3.225;
531;Standard;0;Kartesisch;0.000;0.400;-3.250;
532;Standard;0;Kartesisch;0.000;0.500;-3.275;
533;Standard;0;Kartesisch;0.000;0.600;-3.300;
534;Standard;0;Kartesisch;0.000;0.700;-3.325;
535;Standard;0;Kartesisch;0.000;0.800;-3.350;
536;Standard;0;Kartesisch;0.000;0.900;-3.375;
537;Standard;0;Kartesisch;0.000;1.000;-3.400;
538;Standard;0;Kartesisch;0.000;1.100;-3.425;
539;Standard;0;Kartesisch;0.000;1.200;-3.450;
540;Standard;0;Kartesisch;0.000;1.300;-3.475;
541;Standard;0;Kartesisch;0.000;1.400;-3.500;
542;Standard;0;Kartesisch;0.000;1.500;-3.525;
543;Standard;0;Kartesisch;0.000;1.600;-3.550;
544;Standard;0;Kartesisch;0.000;1.700;-3.575;
545;Standard;0;Kartesisch;0.000;1.800;-3.600;
546;Standard;0;Kartesisch;0.000;1.900;-3.625;
547;Standard;0;Kartesisch;0.000;2.000;-3.650;
548;;;;;;;
549;Standard;0;Kartesisch;0.100;0.100;-3.199;
550;Standard;0;Kartesisch;0.100;0.200;-3.224;
551;Standard;0;Kartesisch;0.100;0.300;-3.248;
552;Standard;0;Kartesisch;0.100;0.400;-3.273;
553;Standard;0;Kartesisch;0.100;0.500;-3.297;
554;Standard;0;Kartesisch;0.100;0.600;-3.321;
555;Standard;0;Kartesisch;0.100;0.700;-3.346;
556;Standard;0;Kartesisch;0.100;0.800;-3.370;
557;Standard;0;Kartesisch;0.100;0.900;-3.394;
558;Standard;0;Kartesisch;0.100;1.000;-3.419;
559;Standard;0;Kartesisch;0.100;1.100;-3.443;
560;Standard;0;Kartesisch;0.100;1.200;-3.468;
561;Standard;0;Kartesisch;0.100;1.300;-3.492;
562;Standard;0;Kartesisch;0.100;1.400;-3.516;
563;Standard;0;Kartesisch;0.100;1.500;-3.541;
564;Standard;0;Kartesisch;0.100;1.600;-3.565;
565;Standard;0;Kartesisch;0.100;1.700;-3.589;
566;Standard;0;Kartesisch;0.100;1.800;-3.614;
567;Standard;0;Kartesisch;0.100;1.900;-3.638;
568;Standard;0;Kartesisch;0.100;2.000;-3.663;
569;;;;;;;
570;Standard;0;Kartesisch;0.200;0.100;-3.224;
571;Standard;0;Kartesisch;0.200;0.200;-3.248;
572;Standard;0;Kartesisch;0.200;0.300;-3.271;
573;Standard;0;Kartesisch;0.200;0.400;-3.295;
574;Standard;0;Kartesisch;0.200;0.500;-3.319;
575;Standard;0;Kartesisch;0.200;0.600;-3.343;
576;Standard;0;Kartesisch;0.200;0.700;-3.366;
577;Standard;0;Kartesisch;0.200;0.800;-3.390;
578;Standard;0;Kartesisch;0.200;0.900;-3.414;
579;Standard;0;Kartesisch;0.200;1.000;-3.438;
580;Standard;0;Kartesisch;0.200;1.100;-3.461;
581;Standard;0;Kartesisch;0.200;1.200;-3.485;
582;Standard;0;Kartesisch;0.200;1.300;-3.509;
583;Standard;0;Kartesisch;0.200;1.400;-3.533;
584;Standard;0;Kartesisch;0.200;1.500;-3.556;
585;Standard;0;Kartesisch;0.200;1.600;-3.580;
586;Standard;0;Kartesisch;0.200;1.700;-3.604;
587;Standard;0;Kartesisch;0.200;1.800;-3.628;
588;Standard;0;Kartesisch;0.200;1.900;-3.651;
589;Standard;0;Kartesisch;0.200;2.000;-3.675;
590;;;;;;;
591;Standard;0;Kartesisch;0.300;0.100;-3.248;
592;Standard;0;Kartesisch;0.300;0.200;-3.271;
593;Standard;0;Kartesisch;0.300;0.300;-3.294;
594;Standard;0;Kartesisch;0.300;0.400;-3.318;
595;Standard;0;Kartesisch;0.300;0.500;-3.341;
596;Standard;0;Kartesisch;0.300;0.600;-3.364;
597;Standard;0;Kartesisch;0.300;0.700;-3.387;
598;Standard;0;Kartesisch;0.300;0.800;-3.410;
599;Standard;0;Kartesisch;0.300;0.900;-3.433;
600;Standard;0;Kartesisch;0.300;1.000;-3.456;
601;Standard;0;Kartesisch;0.300;1.100;-3.479;
602;Standard;0;Kartesisch;0.300;1.200;-3.503;
603;Standard;0;Kartesisch;0.300;1.300;-3.526;
604;Standard;0;Kartesisch;0.300;1.400;-3.549;
605;Standard;0;Kartesisch;0.300;1.500;-3.572;
606;Standard;0;Kartesisch;0.300;1.600;-3.595;
607;Standard;0;Kartesisch;0.300;1.700;-3.618;
608;Standard;0;Kartesisch;0.300;1.800;-3.641;
609;Standard;0;Kartesisch;0.300;1.900;-3.664;
610;Standard;0;Kartesisch;0.300;2.000;-3.688;
611;;;;;;;
612;Standard;0;Kartesisch;0.400;0.100;-3.273;
613;Standard;0;Kartesisch;0.400;0.200;-3.295;
614;Standard;0;Kartesisch;0.400;0.300;-3.318;
615;Standard;0;Kartesisch;0.400;0.400;-3.340;
616;Standard;0;Kartesisch;0.400;0.500;-3.363;
617;Standard;0;Kartesisch;0.400;0.600;-3.385;
618;Standard;0;Kartesisch;0.400;0.700;-3.408;
619;Standard;0;Kartesisch;0.400;0.800;-3.430;
620;Standard;0;Kartesisch;0.400;0.900;-3.453;
621;Standard;0;Kartesisch;0.400;1.000;-3.475;
622;Standard;0;Kartesisch;0.400;1.100;-3.498;
623;Standard;0;Kartesisch;0.400;1.200;-3.520;
624;Standard;0;Kartesisch;0.400;1.300;-3.543;
625;Standard;0;Kartesisch;0.400;1.400;-3.565;
626;Standard;0;Kartesisch;0.400;1.500;-3.588;
627;Standard;0;Kartesisch;0.400;1.600;-3.610;
628;Standard;0;Kartesisch;0.400;1.700;-3.633;
629;Standard;0;Kartesisch;0.400;1.800;-3.655;
630;Standard;0;Kartesisch;0.400;1.900;-3.678;
631;Standard;0;Kartesisch;0.400;2.000;-3.700;
632;;;;;;;
633;Standard;0;Kartesisch;0.500;0.100;-3.297;
634;Standard;0;Kartesisch;0.500;0.200;-3.319;
635;Standard;0;Kartesisch;0.500;0.300;-3.341;
636;Standard;0;Kartesisch;0.500;0.400;-3.363;
637;Standard;0;Kartesisch;0.500;0.500;-3.384;
638;Standard;0;Kartesisch;0.500;0.600;-3.406;
639;Standard;0;Kartesisch;0.500;0.700;-3.428;
640;Standard;0;Kartesisch;0.500;0.800;-3.450;
641;Standard;0;Kartesisch;0.500;0.900;-3.472;
642;Standard;0;Kartesisch;0.500;1.000;-3.494;
643;Standard;0;Kartesisch;0.500;1.100;-3.516;
644;Standard;0;Kartesisch;0.500;1.200;-3.538;
645;Standard;0;Kartesisch;0.500;1.300;-3.559;
646;Standard;0;Kartesisch;0.500;1.400;-3.581;
647;Standard;0;Kartesisch;0.500;1.500;-3.603;
648;Standard;0;Kartesisch;0.500;1.600;-3.625;
649;Standard;0;Kartesisch;0.500;1.700;-3.647;
650;Standard;0;Kartesisch;0.500;1.800;-3.669;
651;Standard;0;Kartesisch;0.500;1.900;-3.691;
652;Standard;0;Kartesisch;0.500;2.000;-3.713;
653;;;;;;;
654;Standard;0;Kartesisch;0.600;0.100;-3.321;
655;Standard;0;Kartesisch;0.600;0.200;-3.343;
656;Standard;0;Kartesisch;0.600;0.300;-3.364;
657;Standard;0;Kartesisch;0.600;0.400;-3.385;
658;Standard;0;Kartesisch;0.600;0.500;-3.406;
659;Standard;0;Kartesisch;0.600;0.600;-3.428;
660;Standard;0;Kartesisch;0.600;0.700;-3.449;
661;Standard;0;Kartesisch;0.600;0.800;-3.470;
662;Standard;0;Kartesisch;0.600;0.900;-3.491;
663;Standard;0;Kartesisch;0.600;1.000;-3.513;
664;Standard;0;Kartesisch;0.600;1.100;-3.534;
665;Standard;0;Kartesisch;0.600;1.200;-3.555;
666;Standard;0;Kartesisch;0.600;1.300;-3.576;
667;Standard;0;Kartesisch;0.600;1.400;-3.598;
668;Standard;0;Kartesisch;0.600;1.500;-3.619;
669;Standard;0;Kartesisch;0.600;1.600;-3.640;
670;Standard;0;Kartesisch;0.600;1.700;-3.661;
671;Standard;0;Kartesisch;0.600;1.800;-3.683;
672;Standard;0;Kartesisch;0.600;1.900;-3.704;
673;Standard;0;Kartesisch;0.600;2.000;-3.725;
674;;;;;;;
675;Standard;0;Kartesisch;0.700;0.100;-3.346;
676;Standard;0;Kartesisch;0.700;0.200;-3.366;
677;Standard;0;Kartesisch;0.700;0.300;-3.387;
678;Standard;0;Kartesisch;0.700;0.400;-3.408;
679;Standard;0;Kartesisch;0.700;0.500;-3.428;
680;Standard;0;Kartesisch;0.700;0.600;-3.449;
681;Standard;0;Kartesisch;0.700;0.700;-3.469;
682;Standard;0;Kartesisch;0.700;0.800;-3.490;
683;Standard;0;Kartesisch;0.700;0.900;-3.511;
684;Standard;0;Kartesisch;0.700;1.000;-3.531;
685;Standard;0;Kartesisch;0.700;1.100;-3.552;
686;Standard;0;Kartesisch;0.700;1.200;-3.573;
687;Standard;0;Kartesisch;0.700;1.300;-3.593;
688;Standard;0;Kartesisch;0.700;1.400;-3.614;
689;Standard;0;Kartesisch;0.700;1.500;-3.634;
690;Standard;0;Kartesisch;0.700;1.600;-3.655;
691;Standard;0;Kartesisch;0.700;1.700;-3.676;
692;Standard;0;Kartesisch;0.700;1.800;-3.696;
693;Standard;0;Kartesisch;0.700;1.900;-3.717;
694;Standard;0;Kartesisch;0.700;2.000;-3.738;
695;;;;;;;
696;Standard;0;Kartesisch;0.800;0.100;-3.370;
697;Standard;0;Kartesisch;0.800;0.200;-3.390;
698;Standard;0;Kartesisch;0.800;0.300;-3.410;
699;Standard;0;Kartesisch;0.800;0.400;-3.430;
700;Standard;0;Kartesisch;0.800;0.500;-3.450;
701;Standard;0;Kartesisch;0.800;0.600;-3.470;
702;Standard;0;Kartesisch;0.800;0.700;-3.490;
703;Standard;0;Kartesisch;0.800;0.800;-3.510;
704;Standard;0;Kartesisch;0.800;0.900;-3.530;
705;Standard;0;Kartesisch;0.800;1.000;-3.550;
706;Standard;0;Kartesisch;0.800;1.100;-3.570;
707;Standard;0;Kartesisch;0.800;1.200;-3.590;
708;Standard;0;Kartesisch;0.800;1.300;-3.610;
709;Standard;0;Kartesisch;0.800;1.400;-3.630;
710;Standard;0;Kartesisch;0.800;1.500;-3.650;
711;Standard;0;Kartesisch;0.800;1.600;-3.670;
712;Standard;0;Kartesisch;0.800;1.700;-3.690;
713;Standard;0;Kartesisch;0.800;1.800;-3.710;
714;Standard;0;Kartesisch;0.800;1.900;-3.730;
715;Standard;0;Kartesisch;0.800;2.000;-3.750;
716;;;;;;;
717;Standard;0;Kartesisch;0.900;0.100;-3.394;
718;Standard;0;Kartesisch;0.900;0.200;-3.414;
719;Standard;0;Kartesisch;0.900;0.300;-3.433;
720;Standard;0;Kartesisch;0.900;0.400;-3.453;
721;Standard;0;Kartesisch;0.900;0.500;-3.472;
722;Standard;0;Kartesisch;0.900;0.600;-3.491;
723;Standard;0;Kartesisch;0.900;0.700;-3.511;
724;Standard;0;Kartesisch;0.900;0.800;-3.530;
725;Standard;0;Kartesisch;0.900;0.900;-3.549;
726;Standard;0;Kartesisch;0.900;1.000;-3.569;
727;Standard;0;Kartesisch;0.900;1.100;-3.588;
728;Standard;0;Kartesisch;0.900;1.200;-3.608;
729;Standard;0;Kartesisch;0.900;1.300;-3.627;
730;Standard;0;Kartesisch;0.900;1.400;-3.646;
731;Standard;0;Kartesisch;0.900;1.500;-3.666;
732;Standard;0;Kartesisch;0.900;1.600;-3.685;
733;Standard;0;Kartesisch;0.900;1.700;-3.704;
734;Standard;0;Kartesisch;0.900;1.800;-3.724;
735;Standard;0;Kartesisch;0.900;1.900;-3.743;
736;Standard;0;Kartesisch;0.900;2.000;-3.763;
737;;;;;;;
738;Standard;0;Kartesisch;1.000;0.100;-3.419;
739;Standard;0;Kartesisch;1.000;0.200;-3.438;
740;Standard;0;Kartesisch;1.000;0.300;-3.456;
741;Standard;0;Kartesisch;1.000;0.400;-3.475;
742;Standard;0;Kartesisch;1.000;0.500;-3.494;
743;Standard;0;Kartesisch;1.000;0.600;-3.513;
744;Standard;0;Kartesisch;1.000;0.700;-3.531;
745;Standard;0;Kartesisch;1.000;0.800;-3.550;
746;Standard;0;Kartesisch;1.000;0.900;-3.569;
747;Standard;0;Kartesisch;1.000;1.000;-3.588;
748;Standard;0;Kartesisch;1.000;1.100;-3.606;
749;Standard;0;Kartesisch;1.000;1.200;-3.625;
750;Standard;0;Kartesisch;1.000;1.300;-3.644;
751;Standard;0;Kartesisch;1.000;1.400;-3.663;
752;Standard;0;Kartesisch;1.000;1.500;-3.681;
753;Standard;0;Kartesisch;1.000;1.600;-3.700;
754;Standard;0;Kartesisch;1.000;1.700;-3.719;
755;Standard;0;Kartesisch;1.000;1.800;-3.738;
756;Standard;0;Kartesisch;1.000;1.900;-3.756;
757;Standard;0;Kartesisch;1.000;2.000;-3.775;
758;;;;;;;
759;Standard;0;Kartesisch;1.100;0.100;-3.443;
760;Standard;0;Kartesisch;1.100;0.200;-3.461;
761;Standard;0;Kartesisch;1.100;0.300;-3.479;
762;Standard;0;Kartesisch;1.100;0.400;-3.498;
763;Standard;0;Kartesisch;1.100;0.500;-3.516;
764;Standard;0;Kartesisch;1.100;0.600;-3.534;
765;Standard;0;Kartesisch;1.100;0.700;-3.552;
766;Standard;0;Kartesisch;1.100;0.800;-3.570;
767;Standard;0;Kartesisch;1.100;0.900;-3.588;
768;Standard;0;Kartesisch;1.100;1.000;-3.606;
769;Standard;0;Kartesisch;1.100;1.100;-3.624;
770;Standard;0;Kartesisch;1.100;1.200;-3.643;
771;Standard;0;Kartesisch;1.100;1.300;-3.661;
772;Standard;0;Kartesisch;1.100;1.400;-3.679;
773;Standard;0;Kartesisch;1.100;1.500;-3.697;
774;Standard;0;Kartesisch;1.100;1.600;-3.715;
775;Standard;0;Kartesisch;1.100;1.700;-3.733;
776;Standard;0;Kartesisch;1.100;1.800;-3.751;
777;Standard;0;Kartesisch;1.100;1.900;-3.769;
778;Standard;0;Kartesisch;1.100;2.000;-3.788;
779;;;;;;;
780;Standard;0;Kartesisch;1.200;0.100;-3.468;
781;Standard;0;Kartesisch;1.200;0.200;-3.485;
782;Standard;0;Kartesisch;1.200;0.300;-3.503;
783;Standard;0;Kartesisch;1.200;0.400;-3.520;
784;Standard;0;Kartesisch;1.200;0.500;-3.538;
785;Standard;0;Kartesisch;1.200;0.600;-3.555;
786;Standard;0;Kartesisch;1.200;0.700;-3.573;
787;Standard;0;Kartesisch;1.200;0.800;-3.590;
788;Standard;0;Kartesisch;1.200;0.900;-3.608;
789;Standard;0;Kartesisch;1.200;1.000;-3.625;
790;Standard;0;Kartesisch;1.200;1.100;-3.643;
791;Standard;0;Kartesisch;1.200;1.200;-3.660;
792;Standard;0;Kartesisch;1.200;1.300;-3.678;
793;Standard;0;Kartesisch;1.200;1.400;-3.695;
794;Standard;0;Kartesisch;1.200;1.500;-3.713;
795;Standard;0;Kartesisch;1.200;1.600;-3.730;
796;Standard;0;Kartesisch;1.200;1.700;-3.748;
797;Standard;0;Kartesisch;1.200;1.800;-3.765;
798;Standard;0;Kartesisch;1.200;1.900;-3.783;
799;Standard;0;Kartesisch;1.200;2.000;-3.800;
800;;;;;;;
801;Standard;0;Kartesisch;1.300;0.100;-3.492;
802;Standard;0;Kartesisch;1.300;0.200;-3.509;
803;Standard;0;Kartesisch;1.300;0.300;-3.526;
804;Standard;0;Kartesisch;1.300;0.400;-3.543;
805;Standard;0;Kartesisch;1.300;0.500;-3.559;
806;Standard;0;Kartesisch;1.300;0.600;-3.576;
807;Standard;0;Kartesisch;1.300;0.700;-3.593;
808;Standard;0;Kartesisch;1.300;0.800;-3.610;
809;Standard;0;Kartesisch;1.300;0.900;-3.627;
810;Standard;0;Kartesisch;1.300;1.000;-3.644;
811;Standard;0;Kartesisch;1.300;1.100;-3.661;
812;Standard;0;Kartesisch;1.300;1.200;-3.678;
813;Standard;0;Kartesisch;1.300;1.300;-3.694;
814;Standard;0;Kartesisch;1.300;1.400;-3.711;
815;Standard;0;Kartesisch;1.300;1.500;-3.728;
816;Standard;0;Kartesisch;1.300;1.600;-3.745;
817;Standard;0;Kartesisch;1.300;1.700;-3.762;
818;Standard;0;Kartesisch;1.300;1.800;-3.779;
819;Standard;0;Kartesisch;1.300;1.900;-3.796;
820;Standard;0;Kartesisch;1.300;2.000;-3.813;
821;;;;;;;
822;Standard;0;Kartesisch;1.400;0.100;-3.516;
823;Standard;0;Kartesisch;1.400;0.200;-3.533;
824;Standard;0;Kartesisch;1.400;0.300;-3.549;
825;Standard;0;Kartesisch;1.400;0.400;-3.565;
826;Standard;0;Kartesisch;1.400;0.500;-3.581;
827;Standard;0;Kartesisch;1.400;0.600;-3.598;
828;Standard;0;Kartesisch;1.400;0.700;-3.614;
829;Standard;0;Kartesisch;1.400;0.800;-3.630;
830;Standard;0;Kartesisch;1.400;0.900;-3.646;
831;Standard;0;Kartesisch;1.400;1.000;-3.663;
832;Standard;0;Kartesisch;1.400;1.100;-3.679;
833;Standard;0;Kartesisch;1.400;1.200;-3.695;
834;Standard;0;Kartesisch;1.400;1.300;-3.711;
835;Standard;0;Kartesisch;1.400;1.400;-3.728;
836;Standard;0;Kartesisch;1.400;1.500;-3.744;
837;Standard;0;Kartesisch;1.400;1.600;-3.760;
838;Standard;0;Kartesisch;1.400;1.700;-3.776;
839;Standard;0;Kartesisch;1.400;1.800;-3.793;
840;Standard;0;Kartesisch;1.400;1.900;-3.809;
841;Standard;0;Kartesisch;1.400;2.000;-3.825;
842;;;;;;;
843;Standard;0;Kartesisch;1.500;0.100;-3.541;
844;Standard;0;Kartesisch;1.500;0.200;-3.556;
845;Standard;0;Kartesisch;1.500;0.300;-3.572;
846;Standard;0;Kartesisch;1.500;0.400;-3.588;
847;Standard;0;Kartesisch;1.500;0.500;-3.603;
848;Standard;0;Kartesisch;1.500;0.600;-3.619;
849;Standard;0;Kartesisch;1.500;0.700;-3.634;
850;Standard;0;Kartesisch;1.500;0.800;-3.650;
851;Standard;0;Kartesisch;1.500;0.900;-3.666;
852;Standard;0;Kartesisch;1.500;1.000;-3.681;
853;Standard;0;Kartesisch;1.500;1.100;-3.697;
854;Standard;0;Kartesisch;1.500;1.200;-3.713;
855;Standard;0;Kartesisch;1.500;1.300;-3.728;
856;Standard;0;Kartesisch;1.500;1.400;-3.744;
857;Standard;0;Kartesisch;1.500;1.500;-3.759;
858;Standard;0;Kartesisch;1.500;1.600;-3.775;
859;Standard;0;Kartesisch;1.500;1.700;-3.791;
860;Standard;0;Kartesisch;1.500;1.800;-3.806;
861;Standard;0;Kartesisch;1.500;1.900;-3.822;
862;Standard;0;Kartesisch;1.500;2.000;-3.838;
863;;;;;;;
864;Standard;0;Kartesisch;1.600;0.100;-3.565;
865;Standard;0;Kartesisch;1.600;0.200;-3.580;
866;Standard;0;Kartesisch;1.600;0.300;-3.595;
867;Standard;0;Kartesisch;1.600;0.400;-3.610;
868;Standard;0;Kartesisch;1.600;0.500;-3.625;
869;Standard;0;Kartesisch;1.600;0.600;-3.640;
870;Standard;0;Kartesisch;1.600;0.700;-3.655;
871;Standard;0;Kartesisch;1.600;0.800;-3.670;
872;Standard;0;Kartesisch;1.600;0.900;-3.685;
873;Standard;0;Kartesisch;1.600;1.000;-3.700;
874;Standard;0;Kartesisch;1.600;1.100;-3.715;
875;Standard;0;Kartesisch;1.600;1.200;-3.730;
876;Standard;0;Kartesisch;1.600;1.300;-3.745;
877;Standard;0;Kartesisch;1.600;1.400;-3.760;
878;Standard;0;Kartesisch;1.600;1.500;-3.775;
879;Standard;0;Kartesisch;1.600;1.600;-3.790;
880;Standard;0;Kartesisch;1.600;1.700;-3.805;
881;Standard;0;Kartesisch;1.600;1.800;-3.820;
882;Standard;0;Kartesisch;1.600;1.900;-3.835;
883;Standard;0;Kartesisch;1.600;2.000;-3.850;
884;;;;;;;
885;Standard;0;Kartesisch;1.700;0.100;-3.589;
886;Standard;0;Kartesisch;1.700;0.200;-3.604;
887;Standard;0;Kartesisch;1.700;0.300;-3.618;
888;Standard;0;Kartesisch;1.700;0.400;-3.633;
889;Standard;0;Kartesisch;1.700;0.500;-3.647;
890;Standard;0;Kartesisch;1.700;0.600;-3.661;
891;Standard;0;Kartesisch;1.700;0.700;-3.676;
892;Standard;0;Kartesisch;1.700;0.800;-3.690;
893;Standard;0;Kartesisch;1.700;0.900;-3.704;
894;Standard;0;Kartesisch;1.700;1.000;-3.719;
895;Standard;0;Kartesisch;1.700;1.100;-3.733;
896;Standard;0;Kartesisch;1.700;1.200;-3.748;
897;Standard;0;Kartesisch;1.700;1.300;-3.762;
898;Standard;0;Kartesisch;1.700;1.400;-3.776;
899;Standard;0;Kartesisch;1.700;1.500;-3.791;
900;Standard;0;Kartesisch;1.700;1.600;-3.805;
901;Standard;0;Kartesisch;1.700;1.700;-3.819;
902;Standard;0;Kartesisch;1.700;1.800;-3.834;
903;Standard;0;Kartesisch;1.700;1.900;-3.848;
904;Standard;0;Kartesisch;1.700;2.000;-3.863;
905;;;;;;;
906;Standard;0;Kartesisch;1.800;0.100;-3.614;
907;Standard;0;Kartesisch;1.800;0.200;-3.628;
908;Standard;0;Kartesisch;1.800;0.300;-3.641;
909;Standard;0;Kartesisch;1.800;0.400;-3.655;
910;Standard;0;Kartesisch;1.800;0.500;-3.669;
911;Standard;0;Kartesisch;1.800;0.600;-3.683;
912;Standard;0;Kartesisch;1.800;0.700;-3.696;
913;Standard;0;Kartesisch;1.800;0.800;-3.710;
914;Standard;0;Kartesisch;1.800;0.900;-3.724;
915;Standard;0;Kartesisch;1.800;1.000;-3.738;
916;Standard;0;Kartesisch;1.800;1.100;-3.751;
917;Standard;0;Kartesisch;1.800;1.200;-3.765;
918;Standard;0;Kartesisch;1.800;1.300;-3.779;
919;Standard;0;Kartesisch;1.800;1.400;-3.793;
920;Standard;0;Kartesisch;1.800;1.500;-3.806;
921;Standard;0;Kartesisch;1.800;1.600;-3.820;
922;Standard;0;Kartesisch;1.800;1.700;-3.834;
923;Standard;0;Kartesisch;1.800;1.800;-3.848;
924;Standard;0;Kartesisch;1.800;1.900;-3.861;
925;Standard;0;Kartesisch;1.800;2.000;-3.875;
926;;;;;;;
927;Standard;0;Kartesisch;1.900;0.100;-3.638;
928;Standard;0;Kartesisch;1.900;0.200;-3.651;
929;Standard;0;Kartesisch;1.900;0.300;-3.664;
930;Standard;0;Kartesisch;1.900;0.400;-3.678;
931;Standard;0;Kartesisch;1.900;0.500;-3.691;
932;Standard;0;Kartesisch;1.900;0.600;-3.704;
933;Standard;0;Kartesisch;1.900;0.700;-3.717;
934;Standard;0;Kartesisch;1.900;0.800;-3.730;
935;Standard;0;Kartesisch;1.900;0.900;-3.743;
936;Standard;0;Kartesisch;1.900;1.000;-3.756;
937;Standard;0;Kartesisch;1.900;1.100;-3.769;
938;Standard;0;Kartesisch;1.900;1.200;-3.783;
939;Standard;0;Kartesisch;1.900;1.300;-3.796;
940;Standard;0;Kartesisch;1.900;1.400;-3.809;
941;Standard;0;Kartesisch;1.900;1.500;-3.822;
942;Standard;0;Kartesisch;1.900;1.600;-3.835;
943;Standard;0;Kartesisch;1.900;1.700;-3.848;
944;Standard;0;Kartesisch;1.900;1.800;-3.861;
945;Standard;0;Kartesisch;1.900;1.900;-3.874;
946;Standard;0;Kartesisch;1.900;2.000;-3.888;
947;;;;;;;
948;Standard;0;Kartesisch;2.000;0.100;-3.663;
949;Standard;0;Kartesisch;2.000;0.200;-3.675;
950;Standard;0;Kartesisch;2.000;0.300;-3.688;
951;Standard;0;Kartesisch;2.000;0.400;-3.700;
952;Standard;0;Kartesisch;2.000;0.500;-3.713;
953;Standard;0;Kartesisch;2.000;0.600;-3.725;
954;Standard;0;Kartesisch;2.000;0.700;-3.738;
955;Standard;0;Kartesisch;2.000;0.800;-3.750;
956;Standard;0;Kartesisch;2.000;0.900;-3.763;
957;Standard;0;Kartesisch;2.000;1.000;-3.775;
958;Standard;0;Kartesisch;2.000;1.100;-3.788;
959;Standard;0;Kartesisch;2.000;1.200;-3.800;
960;Standard;0;Kartesisch;2.000;1.300;-3.813;
961;Standard;0;Kartesisch;2.000;1.400;-3.825;
962;Standard;0;Kartesisch;2.000;1.500;-3.838;
963;Standard;0;Kartesisch;2.000;1.600;-3.850;
964;Standard;0;Kartesisch;2.000;1.700;-3.863;
965;Standard;0;Kartesisch;2.000;1.800;-3.875;
966;Standard;0;Kartesisch;2.000;1.900;-3.888;
967;Standard;0;Kartesisch;2.000;2.000;-3.900;
968;Standard;0;Kartesisch;0.000;2.400;-3.750;
969;Standard;0;Kartesisch;0.000;2.800;-3.850;
970;Standard;0;Kartesisch;0.000;3.200;-3.950;
971;Standard;0;Kartesisch;0.000;3.600;-4.050;
972;Standard;0;Kartesisch;0.000;4.000;-4.150;
973;Standard;0;Kartesisch;0.400;2.400;-3.790;
974;Standard;0;Kartesisch;0.400;2.800;-3.880;
975;Standard;0;Kartesisch;0.400;3.200;-3.970;
976;Standard;0;Kartesisch;0.400;3.600;-4.060;
977;Standard;0;Kartesisch;0.400;4.000;-4.150;
978;Standard;0;Kartesisch;0.800;2.400;-3.830;
979;Standard;0;Kartesisch;0.800;2.800;-3.910;
980;Standard;0;Kartesisch;0.800;3.200;-3.990;
981;Standard;0;Kartesisch;0.800;3.600;-4.070;
982;Standard;0;Kartesisch;0.800;4.000;-4.150;
983;Standard;0;Kartesisch;1.200;2.400;-3.870;
984;Standard;0;Kartesisch;1.200;2.800;-3.940;
985;Standard;0;Kartesisch;1.200;3.200;-4.010;
986;Standard;0;Kartesisch;1.200;3.600;-4.080;
987;Standard;0;Kartesisch;1.200;4.000;-4.150;
988;Standard;0;Kartesisch;1.600;2.400;-3.910;
989;Standard;0;Kartesisch;1.600;2.800;-3.970;
990;Standard;0;Kartesisch;1.600;3.200;-4.030;
991;Standard;0;Kartesisch;1.600;3.600;-4.090;
992;Standard;0;Kartesisch;1.600;4.000;-4.150;
993;Standard;0;Kartesisch;2.000;2.400;-3.950;
994;Standard;0;Kartesisch;2.000;2.800;-4.000;
995;Standard;0;Kartesisch;2.000;3.200;-4.050;
996;Standard;0;Kartesisch;2.000;3.600;-4.100;
997;Standard;0;Kartesisch;2.000;4.000;-4.150;
998;Standard;0;Kartesisch;-0.100;0.000;-3.175;
999;Standard;0;Kartesisch;2.400;0.400;-3.790;
1000;Standard;0;Kartesisch;2.400;0.800;-3.830;
1001;Standard;0;Kartesisch;2.400;1.200;-3.870;
1002;Standard;0;Kartesisch;2.400;1.600;-3.910;
1003;Standard;0;Kartesisch;2.400;2.000;-3.950;
1004;Standard;0;Kartesisch;2.400;2.400;-3.990;
1005;Standard;0;Kartesisch;2.400;2.800;-4.030;
1006;Standard;0;Kartesisch;2.400;3.200;-4.070;
1007;Standard;0;Kartesisch;2.400;3.600;-4.110;
1008;Standard;0;Kartesisch;2.400;4.000;-4.150;
1009;Standard;0;Kartesisch;-0.100;-0.100;-3.199;
1010;Standard;0;Kartesisch;2.800;0.400;-3.880;
1011;Standard;0;Kartesisch;2.800;0.800;-3.910;
1012;Standard;0;Kartesisch;2.800;1.200;-3.940;
1013;Standard;0;Kartesisch;2.800;1.600;-3.970;
1014;Standard;0;Kartesisch;2.800;2.000;-4.000;
1015;Standard;0;Kartesisch;2.800;2.400;-4.030;
1016;Standard;0;Kartesisch;2.800;2.800;-4.060;
1017;Standard;0;Kartesisch;2.800;3.200;-4.090;
1018;Standard;0;Kartesisch;2.800;3.600;-4.120;
1019;Standard;0;Kartesisch;2.800;4.000;-4.150;
1020;Standard;0;Kartesisch;-0.100;-0.200;-3.224;
1021;Standard;0;Kartesisch;3.200;0.400;-3.970;
1022;Standard;0;Kartesisch;3.200;0.800;-3.990;
1023;Standard;0;Kartesisch;3.200;1.200;-4.010;
1024;Standard;0;Kartesisch;3.200;1.600;-4.030;
1025;Standard;0;Kartesisch;3.200;2.000;-4.050;
1026;Standard;0;Kartesisch;3.200;2.400;-4.070;
1027;Standard;0;Kartesisch;3.200;2.800;-4.090;
1028;Standard;0;Kartesisch;3.200;3.200;-4.110;
1029;Standard;0;Kartesisch;3.200;3.600;-4.130;
1030;Standard;0;Kartesisch;3.200;4.000;-4.150;
1031;Standard;0;Kartesisch;-0.100;-0.300;-3.248;
1032;Standard;0;Kartesisch;3.600;0.400;-4.060;
1033;Standard;0;Kartesisch;3.600;0.800;-4.070;
1034;Standard;0;Kartesisch;3.600;1.200;-4.080;
1035;Standard;0;Kartesisch;3.600;1.600;-4.090;
1036;Standard;0;Kartesisch;3.600;2.000;-4.100;
1037;Standard;0;Kartesisch;3.600;2.400;-4.110;
1038;Standard;0;Kartesisch;3.600;2.800;-4.120;
1039;Standard;0;Kartesisch;3.600;3.200;-4.130;
1040;Standard;0;Kartesisch;3.600;3.600;-4.140;
1041;Standard;0;Kartesisch;3.600;4.000;-4.150;
1042;Standard;0;Kartesisch;-0.100;-0.400;-3.273;
1043;Standard;0;Kartesisch;4.000;0.400;-4.150;
1044;Standard;0;Kartesisch;4.000;0.800;-4.150;
1045;Standard;0;Kartesisch;4.000;1.200;-4.150;
1046;Standard;0;Kartesisch;4.000;1.600;-4.150;
1047;Standard;0;Kartesisch;4.000;2.000;-4.150;
1048;Standard;0;Kartesisch;4.000;2.400;-4.150;
1049;Standard;0;Kartesisch;4.000;2.800;-4.150;
1050;Standard;0;Kartesisch;4.000;3.200;-4.150;
1051;Standard;0;Kartesisch;4.000;3.600;-4.150;
1052;Standard;0;Kartesisch;4.000;4.000;-4.150;
1053;Standard;0;Kartesisch;-0.100;-0.500;-3.297;
1054;Standard;0;Kartesisch;-0.100;-0.600;-3.321;
1055;Standard;0;Kartesisch;-0.100;-0.700;-3.346;
1056;Standard;0;Kartesisch;-0.100;-0.800;-3.370;
1057;Standard;0;Kartesisch;-0.100;-0.900;-3.394;
1058;Standard;0;Kartesisch;-0.100;-1.000;-3.419;
1059;Standard;0;Kartesisch;-0.100;-1.100;-3.443;
1060;Standard;0;Kartesisch;-0.100;-1.200;-3.468;
1061;Standard;0;Kartesisch;-0.100;-1.300;-3.492;
1062;Standard;0;Kartesisch;-0.100;-1.400;-3.516;
1063;Standard;0;Kartesisch;-0.100;-1.500;-3.541;
1064;Standard;0;Kartesisch;-0.100;-1.600;-3.565;
1065;Standard;0;Kartesisch;-0.100;-1.700;-3.589;
1066;Standard;0;Kartesisch;-0.100;-1.800;-3.614;
1067;Standard;0;Kartesisch;-0.100;-1.900;-3.638;
1068;Standard;0;Kartesisch;-0.100;-2.000;-3.663;
1069;Standard;0;Kartesisch;-0.200;0.000;-3.200;
1070;Standard;0;Kartesisch;-0.200;-0.100;-3.224;
1071;Standard;0;Kartesisch;-0.200;-0.200;-3.248;
1072;Standard;0;Kartesisch;-0.200;-0.300;-3.271;
1073;Standard;0;Kartesisch;-0.200;-0.400;-3.295;
1074;Standard;0;Kartesisch;-0.200;-0.500;-3.319;
1075;Standard;0;Kartesisch;-0.200;-0.600;-3.343;
1076;Standard;0;Kartesisch;-0.200;-0.700;-3.366;
1077;Standard;0;Kartesisch;-0.200;-0.800;-3.390;
1078;Standard;0;Kartesisch;-0.200;-0.900;-3.414;
1079;Standard;0;Kartesisch;-0.200;-1.000;-3.438;
1080;Standard;0;Kartesisch;-0.200;-1.100;-3.461;
1081;Standard;0;Kartesisch;-0.200;-1.200;-3.485;
1082;Standard;0;Kartesisch;-0.200;-1.300;-3.509;
1083;Standard;0;Kartesisch;-0.200;-1.400;-3.533;
1084;Standard;0;Kartesisch;-0.200;-1.500;-3.556;
1085;Standard;0;Kartesisch;-0.200;-1.600;-3.580;
1086;Standard;0;Kartesisch;-0.200;-1.700;-3.604;
1087;Standard;0;Kartesisch;-0.200;-1.800;-3.628;
1088;Standard;0;Kartesisch;-0.200;-1.900;-3.651;
1089;Standard;0;Kartesisch;-0.200;-2.000;-3.675;
1090;Standard;0;Kartesisch;-0.300;0.000;-3.225;
1091;Standard;0;Kartesisch;-0.300;-0.100;-3.248;
1092;Standard;0;Kartesisch;-0.300;-0.200;-3.271;
1093;Standard;0;Kartesisch;-0.300;-0.300;-3.294;
1094;Standard;0;Kartesisch;-0.300;-0.400;-3.318;
1095;Standard;0;Kartesisch;-0.300;-0.500;-3.341;
1096;Standard;0;Kartesisch;-0.300;-0.600;-3.364;
1097;Standard;0;Kartesisch;-0.300;-0.700;-3.387;
1098;Standard;0;Kartesisch;-0.300;-0.800;-3.410;
1099;Standard;0;Kartesisch;-0.300;-0.900;-3.433;
1100;Standard;0;Kartesisch;-0.300;-1.000;-3.456;
1101;Standard;0;Kartesisch;-0.300;-1.100;-3.479;
1102;Standard;0;Kartesisch;-0.300;-1.200;-3.503;
1103;Standard;0;Kartesisch;-0.300;-1.300;-3.526;
1104;Standard;0;Kartesisch;-0.300;-1.400;-3.549;
1105;Standard;0;Kartesisch;-0.300;-1.500;-3.572;
1106;Standard;0;Kartesisch;-0.300;-1.600;-3.595;
1107;Standard;0;Kartesisch;-0.300;-1.700;-3.618;
1108;Standard;0;Kartesisch;-0.300;-1.800;-3.641;
1109;Standard;0;Kartesisch;-0.300;-1.900;-3.664;
1110;Standard;0;Kartesisch;-0.300;-2.000;-3.688;
1111;Standard;0;Kartesisch;-0.400;0.000;-3.250;
1112;Standard;0;Kartesisch;-0.400;-0.100;-3.273;
1113;Standard;0;Kartesisch;-0.400;-0.200;-3.295;
1114;Standard;0;Kartesisch;-0.400;-0.300;-3.318;
1115;Standard;0;Kartesisch;-0.400;-0.400;-3.340;
1116;Standard;0;Kartesisch;-0.400;-0.500;-3.363;
1117;Standard;0;Kartesisch;-0.400;-0.600;-3.385;
1118;Standard;0;Kartesisch;-0.400;-0.700;-3.408;
1119;Standard;0;Kartesisch;-0.400;-0.800;-3.430;
1120;Standard;0;Kartesisch;-0.400;-0.900;-3.453;
1121;Standard;0;Kartesisch;-0.400;-1.000;-3.475;
1122;Standard;0;Kartesisch;-0.400;-1.100;-3.498;
1123;Standard;0;Kartesisch;-0.400;-1.200;-3.520;
1124;Standard;0;Kartesisch;-0.400;-1.300;-3.543;
1125;Standard;0;Kartesisch;-0.400;-1.400;-3.565;
1126;Standard;0;Kartesisch;-0.400;-1.500;-3.588;
1127;Standard;0;Kartesisch;-0.400;-1.600;-3.610;
1128;Standard;0;Kartesisch;-0.400;-1.700;-3.633;
1129;Standard;0;Kartesisch;-0.400;-1.800;-3.655;
1130;Standard;0;Kartesisch;-0.400;-1.900;-3.678;
1131;Standard;0;Kartesisch;-0.400;-2.000;-3.700;
1132;Standard;0;Kartesisch;-0.500;0.000;-3.275;
1133;Standard;0;Kartesisch;-0.500;-0.100;-3.297;
1134;Standard;0;Kartesisch;-0.500;-0.200;-3.319;
1135;Standard;0;Kartesisch;-0.500;-0.300;-3.341;
1136;Standard;0;Kartesisch;-0.500;-0.400;-3.363;
1137;Standard;0;Kartesisch;-0.500;-0.500;-3.384;
1138;Standard;0;Kartesisch;-0.500;-0.600;-3.406;
1139;Standard;0;Kartesisch;-0.500;-0.700;-3.428;
1140;Standard;0;Kartesisch;-0.500;-0.800;-3.450;
1141;Standard;0;Kartesisch;-0.500;-0.900;-3.472;
1142;Standard;0;Kartesisch;-0.500;-1.000;-3.494;
1143;Standard;0;Kartesisch;-0.500;-1.100;-3.516;
1144;Standard;0;Kartesisch;-0.500;-1.200;-3.538;
1145;Standard;0;Kartesisch;-0.500;-1.300;-3.559;
1146;Standard;0;Kartesisch;-0.500;-1.400;-3.581;
1147;Standard;0;Kartesisch;-0.500;-1.500;-3.603;
1148;Standard;0;Kartesisch;-0.500;-1.600;-3.625;
1149;Standard;0;Kartesisch;-0.500;-1.700;-3.647;
1150;Standard;0;Kartesisch;-0.500;-1.800;-3.669;
1151;Standard;0;Kartesisch;-0.500;-1.900;-3.691;
1152;Standard;0;Kartesisch;-0.500;-2.000;-3.713;
1153;Standard;0;Kartesisch;-0.600;0.000;-3.300;
1154;Standard;0;Kartesisch;-0.600;-0.100;-3.321;
1155;Standard;0;Kartesisch;-0.600;-0.200;-3.343;
1156;Standard;0;Kartesisch;-0.600;-0.300;-3.364;
1157;Standard;0;Kartesisch;-0.600;-0.400;-3.385;
1158;Standard;0;Kartesisch;-0.600;-0.500;-3.406;
1159;Standard;0;Kartesisch;-0.600;-0.600;-3.428;
1160;Standard;0;Kartesisch;-0.600;-0.700;-3.449;
1161;Standard;0;Kartesisch;-0.600;-0.800;-3.470;
1162;Standard;0;Kartesisch;-0.600;-0.900;-3.491;
1163;Standard;0;Kartesisch;-0.600;-1.000;-3.513;
1164;Standard;0;Kartesisch;-0.600;-1.100;-3.534;
1165;Standard;0;Kartesisch;-0.600;-1.200;-3.555;
1166;Standard;0;Kartesisch;-0.600;-1.300;-3.576;
1167;Standard;0;Kartesisch;-0.600;-1.400;-3.598;
1168;Standard;0;Kartesisch;-0.600;-1.500;-3.619;
1169;Standard;0;Kartesisch;-0.600;-1.600;-3.640;
1170;Standard;0;Kartesisch;-0.600;-1.700;-3.661;
1171;Standard;0;Kartesisch;-0.600;-1.800;-3.683;
1172;Standard;0;Kartesisch;-0.600;-1.900;-3.704;
1173;Standard;0;Kartesisch;-0.600;-2.000;-3.725;
1174;Standard;0;Kartesisch;-0.700;0.000;-3.325;
1175;Standard;0;Kartesisch;-0.700;-0.100;-3.346;
1176;Standard;0;Kartesisch;-0.700;-0.200;-3.366;
1177;Standard;0;Kartesisch;-0.700;-0.300;-3.387;
1178;Standard;0;Kartesisch;-0.700;-0.400;-3.408;
1179;Standard;0;Kartesisch;-0.700;-0.500;-3.428;
1180;Standard;0;Kartesisch;-0.700;-0.600;-3.449;
1181;Standard;0;Kartesisch;-0.700;-0.700;-3.469;
1182;Standard;0;Kartesisch;-0.700;-0.800;-3.490;
1183;Standard;0;Kartesisch;-0.700;-0.900;-3.511;
1184;Standard;0;Kartesisch;-0.700;-1.000;-3.531;
1185;Standard;0;Kartesisch;-0.700;-1.100;-3.552;
1186;Standard;0;Kartesisch;-0.700;-1.200;-3.573;
1187;Standard;0;Kartesisch;-0.700;-1.300;-3.593;
1188;Standard;0;Kartesisch;-0.700;-1.400;-3.614;
1189;Standard;0;Kartesisch;-0.700;-1.500;-3.634;
1190;Standard;0;Kartesisch;-0.700;-1.600;-3.655;
1191;Standard;0;Kartesisch;-0.700;-1.700;-3.676;
1192;Standard;0;Kartesisch;-0.700;-1.800;-3.696;
1193;Standard;0;Kartesisch;-0.700;-1.900;-3.717;
1194;Standard;0;Kartesisch;-0.700;-2.000;-3.738;
1195;Standard;0;Kartesisch;-0.800;0.000;-3.350;
1196;Standard;0;Kartesisch;-0.800;-0.100;-3.370;
1197;Standard;0;Kartesisch;-0.800;-0.200;-3.390;
1198;Standard;0;Kartesisch;-0.800;-0.300;-3.410;
1199;Standard;0;Kartesisch;-0.800;-0.400;-3.430;
1200;Standard;0;Kartesisch;-0.800;-0.500;-3.450;
1201;Standard;0;Kartesisch;-0.800;-0.600;-3.470;
1202;Standard;0;Kartesisch;-0.800;-0.700;-3.490;
1203;Standard;0;Kartesisch;-0.800;-0.800;-3.510;
1204;Standard;0;Kartesisch;-0.800;-0.900;-3.530;
1205;Standard;0;Kartesisch;-0.800;-1.000;-3.550;
1206;Standard;0;Kartesisch;-0.800;-1.100;-3.570;
1207;Standard;0;Kartesisch;-0.800;-1.200;-3.590;
1208;Standard;0;Kartesisch;-0.800;-1.300;-3.610;
1209;Standard;0;Kartesisch;-0.800;-1.400;-3.630;
1210;Standard;0;Kartesisch;-0.800;-1.500;-3.650;
1211;Standard;0;Kartesisch;-0.800;-1.600;-3.670;
1212;Standard;0;Kartesisch;-0.800;-1.700;-3.690;
1213;Standard;0;Kartesisch;-0.800;-1.800;-3.710;
1214;Standard;0;Kartesisch;-0.800;-1.900;-3.730;
1215;Standard;0;Kartesisch;-0.800;-2.000;-3.750;
1216;Standard;0;Kartesisch;-0.900;0.000;-3.375;
1217;Standard;0;Kartesisch;-0.900;-0.100;-3.394;
1218;Standard;0;Kartesisch;-0.900;-0.200;-3.414;
1219;Standard;0;Kartesisch;-0.900;-0.300;-3.433;
1220;Standard;0;Kartesisch;-0.900;-0.400;-3.453;
1221;Standard;0;Kartesisch;-0.900;-0.500;-3.472;
1222;Standard;0;Kartesisch;-0.900;-0.600;-3.491;
1223;Standard;0;Kartesisch;-0.900;-0.700;-3.511;
1224;Standard;0;Kartesisch;-0.900;-0.800;-3.530;
1225;Standard;0;Kartesisch;-0.900;-0.900;-3.549;
1226;Standard;0;Kartesisch;-0.900;-1.000;-3.569;
1227;Standard;0;Kartesisch;-0.900;-1.100;-3.588;
1228;Standard;0;Kartesisch;-0.900;-1.200;-3.608;
1229;Standard;0;Kartesisch;-0.900;-1.300;-3.627;
1230;Standard;0;Kartesisch;-0.900;-1.400;-3.646;
1231;Standard;0;Kartesisch;-0.900;-1.500;-3.666;
1232;Standard;0;Kartesisch;-0.900;-1.600;-3.685;
1233;Standard;0;Kartesisch;-0.900;-1.700;-3.704;
1234;Standard;0;Kartesisch;-0.900;-1.800;-3.724;
1235;Standard;0;Kartesisch;-0.900;-1.900;-3.743;
1236;Standard;0;Kartesisch;-0.900;-2.000;-3.763;
1237;Standard;0;Kartesisch;-1.000;0.000;-3.400;
1238;Standard;0;Kartesisch;-1.000;-0.100;-3.419;
1239;Standard;0;Kartesisch;-1.000;-0.200;-3.438;
1240;Standard;0;Kartesisch;-1.000;-0.300;-3.456;
1241;Standard;0;Kartesisch;-1.000;-0.400;-3.475;
1242;Standard;0;Kartesisch;-1.000;-0.500;-3.494;
1243;Standard;0;Kartesisch;-1.000;-0.600;-3.513;
1244;Standard;0;Kartesisch;-1.000;-0.700;-3.531;
1245;Standard;0;Kartesisch;-1.000;-0.800;-3.550;
1246;Standard;0;Kartesisch;-1.000;-0.900;-3.569;
1247;Standard;0;Kartesisch;-1.000;-1.000;-3.588;
1248;Standard;0;Kartesisch;-1.000;-1.100;-3.606;
1249;Standard;0;Kartesisch;-1.000;-1.200;-3.625;
1250;Standard;0;Kartesisch;-1.000;-1.300;-3.644;
1251;Standard;0;Kartesisch;-1.000;-1.400;-3.663;
1252;Standard;0;Kartesisch;-1.000;-1.500;-3.681;
1253;Standard;0;Kartesisch;-1.000;-1.600;-3.700;
1254;Standard;0;Kartesisch;-1.000;-1.700;-3.719;
1255;Standard;0;Kartesisch;-1.000;-1.800;-3.738;
1256;Standard;0;Kartesisch;-1.000;-1.900;-3.756;
1257;Standard;0;Kartesisch;-1.000;-2.000;-3.775;
1258;Standard;0;Kartesisch;-1.100;0.000;-3.425;
1259;Standard;0;Kartesisch;-1.100;-0.100;-3.443;
1260;Standard;0;Kartesisch;-1.100;-0.200;-3.461;
1261;Standard;0;Kartesisch;-1.100;-0.300;-3.479;
1262;Standard;0;Kartesisch;-1.100;-0.400;-3.498;
1263;Standard;0;Kartesisch;-1.100;-0.500;-3.516;
1264;Standard;0;Kartesisch;-1.100;-0.600;-3.534;
1265;Standard;0;Kartesisch;-1.100;-0.700;-3.552;
1266;Standard;0;Kartesisch;-1.100;-0.800;-3.570;
1267;Standard;0;Kartesisch;-1.100;-0.900;-3.588;
1268;Standard;0;Kartesisch;-1.100;-1.000;-3.606;
1269;Standard;0;Kartesisch;-1.100;-1.100;-3.624;
1270;Standard;0;Kartesisch;-1.100;-1.200;-3.643;
1271;Standard;0;Kartesisch;-1.100;-1.300;-3.661;
1272;Standard;0;Kartesisch;-1.100;-1.400;-3.679;
1273;Standard;0;Kartesisch;-1.100;-1.500;-3.697;
1274;Standard;0;Kartesisch;-1.100;-1.600;-3.715;
1275;Standard;0;Kartesisch;-1.100;-1.700;-3.733;
1276;Standard;0;Kartesisch;-1.100;-1.800;-3.751;
1277;Standard;0;Kartesisch;-1.100;-1.900;-3.769;
1278;Standard;0;Kartesisch;-1.100;-2.000;-3.788;
1279;Standard;0;Kartesisch;-1.200;0.000;-3.450;
1280;Standard;0;Kartesisch;-1.200;-0.100;-3.468;
1281;Standard;0;Kartesisch;-1.200;-0.200;-3.485;
1282;Standard;0;Kartesisch;-1.200;-0.300;-3.503;
1283;Standard;0;Kartesisch;-1.200;-0.400;-3.520;
1284;Standard;0;Kartesisch;-1.200;-0.500;-3.538;
1285;Standard;0;Kartesisch;-1.200;-0.600;-3.555;
1286;Standard;0;Kartesisch;-1.200;-0.700;-3.573;
1287;Standard;0;Kartesisch;-1.200;-0.800;-3.590;
1288;Standard;0;Kartesisch;-1.200;-0.900;-3.608;
1289;Standard;0;Kartesisch;-1.200;-1.000;-3.625;
1290;Standard;0;Kartesisch;-1.200;-1.100;-3.643;
1291;Standard;0;Kartesisch;-1.200;-1.200;-3.660;
1292;Standard;0;Kartesisch;-1.200;-1.300;-3.678;
1293;Standard;0;Kartesisch;-1.200;-1.400;-3.695;
1294;Standard;0;Kartesisch;-1.200;-1.500;-3.713;
1295;Standard;0;Kartesisch;-1.200;-1.600;-3.730;
1296;Standard;0;Kartesisch;-1.200;-1.700;-3.748;
1297;Standard;0;Kartesisch;-1.200;-1.800;-3.765;
1298;Standard;0;Kartesisch;-1.200;-1.900;-3.783;
1299;Standard;0;Kartesisch;-1.200;-2.000;-3.800;
1300;Standard;0;Kartesisch;-1.300;0.000;-3.475;
1301;Standard;0;Kartesisch;-1.300;-0.100;-3.492;
1302;Standard;0;Kartesisch;-1.300;-0.200;-3.509;
1303;Standard;0;Kartesisch;-1.300;-0.300;-3.526;
1304;Standard;0;Kartesisch;-1.300;-0.400;-3.543;
1305;Standard;0;Kartesisch;-1.300;-0.500;-3.559;
1306;Standard;0;Kartesisch;-1.300;-0.600;-3.576;
1307;Standard;0;Kartesisch;-1.300;-0.700;-3.593;
1308;Standard;0;Kartesisch;-1.300;-0.800;-3.610;
1309;Standard;0;Kartesisch;-1.300;-0.900;-3.627;
1310;Standard;0;Kartesisch;-1.300;-1.000;-3.644;
1311;Standard;0;Kartesisch;-1.300;-1.100;-3.661;
1312;Standard;0;Kartesisch;-1.300;-1.200;-3.678;
1313;Standard;0;Kartesisch;-1.300;-1.300;-3.694;
1314;Standard;0;Kartesisch;-1.300;-1.400;-3.711;
1315;Standard;0;Kartesisch;-1.300;-1.500;-3.728;
1316;Standard;0;Kartesisch;-1.300;-1.600;-3.745;
1317;Standard;0;Kartesisch;-1.300;-1.700;-3.762;
1318;Standard;0;Kartesisch;-1.300;-1.800;-3.779;
1319;Standard;0;Kartesisch;-1.300;-1.900;-3.796;
1320;Standard;0;Kartesisch;-1.300;-2.000;-3.813;
1321;Standard;0;Kartesisch;-1.400;0.000;-3.500;
1322;Standard;0;Kartesisch;-1.400;-0.100;-3.516;
1323;Standard;0;Kartesisch;-1.400;-0.200;-3.533;
1324;Standard;0;Kartesisch;-1.400;-0.300;-3.549;
1325;Standard;0;Kartesisch;-1.400;-0.400;-3.565;
1326;Standard;0;Kartesisch;-1.400;-0.500;-3.581;
1327;Standard;0;Kartesisch;-1.400;-0.600;-3.598;
1328;Standard;0;Kartesisch;-1.400;-0.700;-3.614;
1329;Standard;0;Kartesisch;-1.400;-0.800;-3.630;
1330;Standard;0;Kartesisch;-1.400;-0.900;-3.646;
1331;Standard;0;Kartesisch;-1.400;-1.000;-3.663;
1332;Standard;0;Kartesisch;-1.400;-1.100;-3.679;
1333;Standard;0;Kartesisch;-1.400;-1.200;-3.695;
1334;Standard;0;Kartesisch;-1.400;-1.300;-3.711;
1335;Standard;0;Kartesisch;-1.400;-1.400;-3.728;
1336;Standard;0;Kartesisch;-1.400;-1.500;-3.744;
1337;Standard;0;Kartesisch;-1.400;-1.600;-3.760;
1338;Standard;0;Kartesisch;-1.400;-1.700;-3.776;
1339;Standard;0;Kartesisch;-1.400;-1.800;-3.793;
1340;Standard;0;Kartesisch;-1.400;-1.900;-3.809;
1341;Standard;0;Kartesisch;-1.400;-2.000;-3.825;
1342;Standard;0;Kartesisch;-1.500;0.000;-3.525;
1343;Standard;0;Kartesisch;-1.500;-0.100;-3.541;
1344;Standard;0;Kartesisch;-1.500;-0.200;-3.556;
1345;Standard;0;Kartesisch;-1.500;-0.300;-3.572;
1346;Standard;0;Kartesisch;-1.500;-0.400;-3.588;
1347;Standard;0;Kartesisch;-1.500;-0.500;-3.603;
1348;Standard;0;Kartesisch;-1.500;-0.600;-3.619;
1349;Standard;0;Kartesisch;-1.500;-0.700;-3.634;
1350;Standard;0;Kartesisch;-1.500;-0.800;-3.650;
1351;Standard;0;Kartesisch;-1.500;-0.900;-3.666;
1352;Standard;0;Kartesisch;-1.500;-1.000;-3.681;
1353;Standard;0;Kartesisch;-1.500;-1.100;-3.697;
1354;Standard;0;Kartesisch;-1.500;-1.200;-3.713;
1355;Standard;0;Kartesisch;-1.500;-1.300;-3.728;
1356;Standard;0;Kartesisch;-1.500;-1.400;-3.744;
1357;Standard;0;Kartesisch;-1.500;-1.500;-3.759;
1358;Standard;0;Kartesisch;-1.500;-1.600;-3.775;
1359;Standard;0;Kartesisch;-1.500;-1.700;-3.791;
1360;Standard;0;Kartesisch;-1.500;-1.800;-3.806;
1361;Standard;0;Kartesisch;-1.500;-1.900;-3.822;
1362;Standard;0;Kartesisch;-1.500;-2.000;-3.838;
1363;Standard;0;Kartesisch;-1.600;0.000;-3.550;
1364;Standard;0;Kartesisch;-1.600;-0.100;-3.565;
1365;Standard;0;Kartesisch;-1.600;-0.200;-3.580;
1366;Standard;0;Kartesisch;-1.600;-0.300;-3.595;
1367;Standard;0;Kartesisch;-1.600;-0.400;-3.610;
1368;Standard;0;Kartesisch;-1.600;-0.500;-3.625;
1369;Standard;0;Kartesisch;-1.600;-0.600;-3.640;
1370;Standard;0;Kartesisch;-1.600;-0.700;-3.655;
1371;Standard;0;Kartesisch;-1.600;-0.800;-3.670;
1372;Standard;0;Kartesisch;-1.600;-0.900;-3.685;
1373;Standard;0;Kartesisch;-1.600;-1.000;-3.700;
1374;Standard;0;Kartesisch;-1.600;-1.100;-3.715;
1375;Standard;0;Kartesisch;-1.600;-1.200;-3.730;
1376;Standard;0;Kartesisch;-1.600;-1.300;-3.745;
1377;Standard;0;Kartesisch;-1.600;-1.400;-3.760;
1378;Standard;0;Kartesisch;-1.600;-1.500;-3.775;
1379;Standard;0;Kartesisch;-1.600;-1.600;-3.790;
1380;Standard;0;Kartesisch;-1.600;-1.700;-3.805;
1381;Standard;0;Kartesisch;-1.600;-1.800;-3.820;
1382;Standard;0;Kartesisch;-1.600;-1.900;-3.835;
1383;Standard;0;Kartesisch;-1.600;-2.000;-3.850;
1384;Standard;0;Kartesisch;-1.700;0.000;-3.575;
1385;Standard;0;Kartesisch;-1.700;-0.100;-3.589;
1386;Standard;0;Kartesisch;-1.700;-0.200;-3.604;
1387;Standard;0;Kartesisch;-1.700;-0.300;-3.618;
1388;Standard;0;Kartesisch;-1.700;-0.400;-3.633;
1389;Standard;0;Kartesisch;-1.700;-0.500;-3.647;
1390;Standard;0;Kartesisch;-1.700;-0.600;-3.661;
1391;Standard;0;Kartesisch;-1.700;-0.700;-3.676;
1392;Standard;0;Kartesisch;-1.700;-0.800;-3.690;
1393;Standard;0;Kartesisch;-1.700;-0.900;-3.704;
1394;Standard;0;Kartesisch;-1.700;-1.000;-3.719;
1395;Standard;0;Kartesisch;-1.700;-1.100;-3.733;
1396;Standard;0;Kartesisch;-1.700;-1.200;-3.748;
1397;Standard;0;Kartesisch;-1.700;-1.300;-3.762;
1398;Standard;0;Kartesisch;-1.700;-1.400;-3.776;
1399;Standard;0;Kartesisch;-1.700;-1.500;-3.791;
1400;Standard;0;Kartesisch;-1.700;-1.600;-3.805;
1401;Standard;0;Kartesisch;-1.700;-1.700;-3.819;
1402;Standard;0;Kartesisch;-1.700;-1.800;-3.834;
1403;Standard;0;Kartesisch;-1.700;-1.900;-3.848;
1404;Standard;0;Kartesisch;-1.700;-2.000;-3.863;
1405;Standard;0;Kartesisch;-1.800;0.000;-3.600;
1406;Standard;0;Kartesisch;-1.800;-0.100;-3.614;
1407;Standard;0;Kartesisch;-1.800;-0.200;-3.628;
1408;Standard;0;Kartesisch;-1.800;-0.300;-3.641;
1409;Standard;0;Kartesisch;-1.800;-0.400;-3.655;
1410;Standard;0;Kartesisch;-1.800;-0.500;-3.669;
1411;Standard;0;Kartesisch;-1.800;-0.600;-3.683;
1412;Standard;0;Kartesisch;-1.800;-0.700;-3.696;
1413;Standard;0;Kartesisch;-1.800;-0.800;-3.710;
1414;Standard;0;Kartesisch;-1.800;-0.900;-3.724;
1415;Standard;0;Kartesisch;-1.800;-1.000;-3.738;
1416;Standard;0;Kartesisch;-1.800;-1.100;-3.751;
1417;Standard;0;Kartesisch;-1.800;-1.200;-3.765;
1418;Standard;0;Kartesisch;-1.800;-1.300;-3.779;
1419;Standard;0;Kartesisch;-1.800;-1.400;-3.793;
1420;Standard;0;Kartesisch;-1.800;-1.500;-3.806;
1421;Standard;0;Kartesisch;-1.800;-1.600;-3.820;
1422;Standard;0;Kartesisch;-1.800;-1.700;-3.834;
1423;Standard;0;Kartesisch;-1.800;-1.800;-3.848;
1424;Standard;0;Kartesisch;-1.800;-1.900;-3.861;
1425;Standard;0;Kartesisch;-1.800;-2.000;-3.875;
1426;Standard;0;Kartesisch;-1.900;0.000;-3.625;
1427;Standard;0;Kartesisch;-1.900;-0.100;-3.638;
1428;Standard;0;Kartesisch;-1.900;-0.200;-3.651;
1429;Standard;0;Kartesisch;-1.900;-0.300;-3.664;
1430;Standard;0;Kartesisch;-1.900;-0.400;-3.678;
1431;Standard;0;Kartesisch;-1.900;-0.500;-3.691;
1432;Standard;0;Kartesisch;-1.900;-0.600;-3.704;
1433;Standard;0;Kartesisch;-1.900;-0.700;-3.717;
1434;Standard;0;Kartesisch;-1.900;-0.800;-3.730;
1435;Standard;0;Kartesisch;-1.900;-0.900;-3.743;
1436;Standard;0;Kartesisch;-1.900;-1.000;-3.756;
1437;Standard;0;Kartesisch;-1.900;-1.100;-3.769;
1438;Standard;0;Kartesisch;-1.900;-1.200;-3.783;
1439;Standard;0;Kartesisch;-1.900;-1.300;-3.796;
1440;Standard;0;Kartesisch;-1.900;-1.400;-3.809;
1441;Standard;0;Kartesisch;-1.900;-1.500;-3.822;
1442;Standard;0;Kartesisch;-1.900;-1.600;-3.835;
1443;Standard;0;Kartesisch;-1.900;-1.700;-3.848;
1444;Standard;0;Kartesisch;-1.900;-1.800;-3.861;
1445;Standard;0;Kartesisch;-1.900;-1.900;-3.874;
1446;Standard;0;Kartesisch;-1.900;-2.000;-3.888;
1447;Standard;0;Kartesisch;-2.000;0.000;-3.650;
1448;Standard;0;Kartesisch;-2.000;-0.100;-3.663;
1449;Standard;0;Kartesisch;-2.000;-0.200;-3.675;
1450;Standard;0;Kartesisch;-2.000;-0.300;-3.688;
1451;Standard;0;Kartesisch;-2.000;-0.400;-3.700;
1452;Standard;0;Kartesisch;-2.000;-0.500;-3.713;
1453;Standard;0;Kartesisch;-2.000;-0.600;-3.725;
1454;Standard;0;Kartesisch;-2.000;-0.700;-3.738;
1455;Standard;0;Kartesisch;-2.000;-0.800;-3.750;
1456;Standard;0;Kartesisch;-2.000;-0.900;-3.763;
1457;Standard;0;Kartesisch;-2.000;-1.000;-3.775;
1458;Standard;0;Kartesisch;-2.000;-1.100;-3.788;
1459;Standard;0;Kartesisch;-2.000;-1.200;-3.800;
1460;Standard;0;Kartesisch;-2.000;-1.300;-3.813;
1461;Standard;0;Kartesisch;-2.000;-1.400;-3.825;
1462;Standard;0;Kartesisch;-2.000;-1.500;-3.838;
1463;Standard;0;Kartesisch;-2.000;-1.600;-3.850;
1464;Standard;0;Kartesisch;-2.000;-1.700;-3.863;
1465;Standard;0;Kartesisch;-2.000;-1.800;-3.875;
1466;Standard;0;Kartesisch;-2.000;-1.900;-3.888;
1467;Standard;0;Kartesisch;-2.000;-2.000;-3.900;
1468;;;;;;;
1469;;;;;;;
1470;;;;;;;
1471;;;;;;;
1472;;;;;;;
1473;Standard;0;Kartesisch;-0.400;-2.400;-3.790;
1474;Standard;0;Kartesisch;-0.400;-2.800;-3.880;
1475;Standard;0;Kartesisch;-0.400;-3.200;-3.970;
1476;Standard;0;Kartesisch;-0.400;-3.600;-4.060;
1477;Standard;0;Kartesisch;-0.400;-4.000;-4.150;
1478;Standard;0;Kartesisch;-0.800;-2.400;-3.830;
1479;Standard;0;Kartesisch;-0.800;-2.800;-3.910;
1480;Standard;0;Kartesisch;-0.800;-3.200;-3.990;
1481;Standard;0;Kartesisch;-0.800;-3.600;-4.070;
1482;Standard;0;Kartesisch;-0.800;-4.000;-4.150;
1483;Standard;0;Kartesisch;-1.200;-2.400;-3.870;
1484;Standard;0;Kartesisch;-1.200;-2.800;-3.940;
1485;Standard;0;Kartesisch;-1.200;-3.200;-4.010;
1486;Standard;0;Kartesisch;-1.200;-3.600;-4.080;
1487;Standard;0;Kartesisch;-1.200;-4.000;-4.150;
1488;Standard;0;Kartesisch;-1.600;-2.400;-3.910;
1489;Standard;0;Kartesisch;-1.600;-2.800;-3.970;
1490;Standard;0;Kartesisch;-1.600;-3.200;-4.030;
1491;Standard;0;Kartesisch;-1.600;-3.600;-4.090;
1492;Standard;0;Kartesisch;-1.600;-4.000;-4.150;
1493;Standard;0;Kartesisch;-2.000;-2.400;-3.950;
1494;Standard;0;Kartesisch;-2.000;-2.800;-4.000;
1495;Standard;0;Kartesisch;-2.000;-3.200;-4.050;
1496;Standard;0;Kartesisch;-2.000;-3.600;-4.100;
1497;Standard;0;Kartesisch;-2.000;-4.000;-4.150;
1498;Standard;0;Kartesisch;-2.400;0.000;-3.750;
1499;Standard;0;Kartesisch;-2.400;-0.400;-3.790;
1500;Standard;0;Kartesisch;-2.400;-0.800;-3.830;
1501;Standard;0;Kartesisch;-2.400;-1.200;-3.870;
1502;Standard;0;Kartesisch;-2.400;-1.600;-3.910;
1503;Standard;0;Kartesisch;-2.400;-2.000;-3.950;
1504;Standard;0;Kartesisch;-2.400;-2.400;-3.990;
1505;Standard;0;Kartesisch;-2.400;-2.800;-4.030;
1506;Standard;0;Kartesisch;-2.400;-3.200;-4.070;
1507;Standard;0;Kartesisch;-2.400;-3.600;-4.110;
1508;Standard;0;Kartesisch;-2.400;-4.000;-4.150;
1509;Standard;0;Kartesisch;-2.800;0.000;-3.850;
1510;Standard;0;Kartesisch;-2.800;-0.400;-3.880;
1511;Standard;0;Kartesisch;-2.800;-0.800;-3.910;
1512;Standard;0;Kartesisch;-2.800;-1.200;-3.940;
1513;Standard;0;Kartesisch;-2.800;-1.600;-3.970;
1514;Standard;0;Kartesisch;-2.800;-2.000;-4.000;
1515;Standard;0;Kartesisch;-2.800;-2.400;-4.030;
1516;Standard;0;Kartesisch;-2.800;-2.800;-4.060;
1517;Standard;0;Kartesisch;-2.800;-3.200;-4.090;
1518;Standard;0;Kartesisch;-2.800;-3.600;-4.120;
1519;Standard;0;Kartesisch;-2.800;-4.000;-4.150;
1520;Standard;0;Kartesisch;-3.200;0.000;-3.950;
1521;Standard;0;Kartesisch;-3.200;-0.400;-3.970;
1522;Standard;0;Kartesisch;-3.200;-0.800;-3.990;
1523;Standard;0;Kartesisch;-3.200;-1.200;-4.010;
1524;Standard;0;Kartesisch;-3.200;-1.600;-4.030;
1525;Standard;0;Kartesisch;-3.200;-2.000;-4.050;
1526;Standard;0;Kartesisch;-3.200;-2.400;-4.070;
1527;Standard;0;Kartesisch;-3.200;-2.800;-4.090;
1528;Standard;0;Kartesisch;-3.200;-3.200;-4.110;
1529;Standard;0;Kartesisch;-3.200;-3.600;-4.130;
1530;Standard;0;Kartesisch;-3.200;-4.000;-4.150;
1531;Standard;0;Kartesisch;-3.600;0.000;-4.050;
1532;Standard;0;Kartesisch;-3.600;-0.400;-4.060;
1533;Standard;0;Kartesisch;-3.600;-0.800;-4.070;
1534;Standard;0;Kartesisch;-3.600;-1.200;-4.080;
1535;Standard;0;Kartesisch;-3.600;-1.600;-4.090;
1536;Standard;0;Kartesisch;-3.600;-2.000;-4.100;
1537;Standard;0;Kartesisch;-3.600;-2.400;-4.110;
1538;Standard;0;Kartesisch;-3.600;-2.800;-4.120;
1539;Standard;0;Kartesisch;-3.600;-3.200;-4.130;
1540;Standard;0;Kartesisch;-3.600;-3.600;-4.140;
1541;Standard;0;Kartesisch;-3.600;-4.000;-4.150;
1542;Standard;0;Kartesisch;-4.000;0.000;-4.150;
1543;Standard;0;Kartesisch;-4.000;-0.400;-4.150;
1544;Standard;0;Kartesisch;-4.000;-0.800;-4.150;
1545;Standard;0;Kartesisch;-4.000;-1.200;-4.150;
1546;Standard;0;Kartesisch;-4.000;-1.600;-4.150;
1547;Standard;0;Kartesisch;-4.000;-2.000;-4.150;
1548;Standard;0;Kartesisch;-4.000;-2.400;-4.150;
1549;Standard;0;Kartesisch;-4.000;-2.800;-4.150;
1550;Standard;0;Kartesisch;-4.000;-3.200;-4.150;
1551;Standard;0;Kartesisch;-4.000;-3.600;-4.150;
1552;Standard;0;Kartesisch;-4.000;-4.000;-4.150;
1553;;;;;;;
1554;;;;;;;
1555;;;;;;;
1556;;;;;;;
1557;;;;;;;
1558;;;;;;;
1559;;;;;;;
1560;;;;;;;
1561;;;;;;;
1562;;;;;;;
1563;;;;;;;
1564;;;;;;;
1565;;;;;;;
1566;;;;;;;
1567;;;;;;;
1568;;;;;;;
1569;;;;;;;
1570;;;;;;;
1571;;;;;;;
1572;;;;;;;
1573;Standard;0;Kartesisch;-0.100;0.100;-3.199;
1574;Standard;0;Kartesisch;-0.100;0.200;-3.224;
1575;Standard;0;Kartesisch;-0.100;0.300;-3.248;
1576;Standard;0;Kartesisch;-0.100;0.400;-3.273;
1577;Standard;0;Kartesisch;-0.100;0.500;-3.297;
1578;Standard;0;Kartesisch;-0.100;0.600;-3.321;
1579;Standard;0;Kartesisch;-0.100;0.700;-3.346;
1580;Standard;0;Kartesisch;-0.100;0.800;-3.370;
1581;Standard;0;Kartesisch;-0.100;0.900;-3.394;
1582;Standard;0;Kartesisch;-0.100;1.000;-3.419;
1583;Standard;0;Kartesisch;-0.100;1.100;-3.443;
1584;Standard;0;Kartesisch;-0.100;1.200;-3.468;
1585;Standard;0;Kartesisch;-0.100;1.300;-3.492;
1586;Standard;0;Kartesisch;-0.100;1.400;-3.516;
1587;Standard;0;Kartesisch;-0.100;1.500;-3.541;
1588;Standard;0;Kartesisch;-0.100;1.600;-3.565;
1589;Standard;0;Kartesisch;-0.100;1.700;-3.589;
1590;Standard;0;Kartesisch;-0.100;1.800;-3.614;
1591;Standard;0;Kartesisch;-0.100;1.900;-3.638;
1592;Standard;0;Kartesisch;-0.100;2.000;-3.663;
1593;Standard;0;Kartesisch;-0.200;0.100;-3.224;
1594;Standard;0;Kartesisch;-0.200;0.200;-3.248;
1595;Standard;0;Kartesisch;-0.200;0.300;-3.271;
1596;Standard;0;Kartesisch;-0.200;0.400;-3.295;
1597;Standard;0;Kartesisch;-0.200;0.500;-3.319;
1598;Standard;0;Kartesisch;-0.200;0.600;-3.343;
1599;Standard;0;Kartesisch;-0.200;0.700;-3.366;
1600;Standard;0;Kartesisch;-0.200;0.800;-3.390;
1601;Standard;0;Kartesisch;-0.200;0.900;-3.414;
1602;Standard;0;Kartesisch;-0.200;1.000;-3.438;
1603;Standard;0;Kartesisch;-0.200;1.100;-3.461;
1604;Standard;0;Kartesisch;-0.200;1.200;-3.485;
1605;Standard;0;Kartesisch;-0.200;1.300;-3.509;
1606;Standard;0;Kartesisch;-0.200;1.400;-3.533;
1607;Standard;0;Kartesisch;-0.200;1.500;-3.556;
1608;Standard;0;Kartesisch;-0.200;1.600;-3.580;
1609;Standard;0;Kartesisch;-0.200;1.700;-3.604;
1610;Standard;0;Kartesisch;-0.200;1.800;-3.628;
1611;Standard;0;Kartesisch;-0.200;1.900;-3.651;
1612;Standard;0;Kartesisch;-0.200;2.000;-3.675;
1613;Standard;0;Kartesisch;-0.300;0.100;-3.248;
1614;Standard;0;Kartesisch;-0.300;0.200;-3.271;
1615;Standard;0;Kartesisch;-0.300;0.300;-3.294;
1616;Standard;0;Kartesisch;-0.300;0.400;-3.318;
1617;Standard;0;Kartesisch;-0.300;0.500;-3.341;
1618;Standard;0;Kartesisch;-0.300;0.600;-3.364;
1619;Standard;0;Kartesisch;-0.300;0.700;-3.387;
1620;Standard;0;Kartesisch;-0.300;0.800;-3.410;
1621;Standard;0;Kartesisch;-0.300;0.900;-3.433;
1622;Standard;0;Kartesisch;-0.300;1.000;-3.456;
1623;Standard;0;Kartesisch;-0.300;1.100;-3.479;
1624;Standard;0;Kartesisch;-0.300;1.200;-3.503;
1625;Standard;0;Kartesisch;-0.300;1.300;-3.526;
1626;Standard;0;Kartesisch;-0.300;1.400;-3.549;
1627;Standard;0;Kartesisch;-0.300;1.500;-3.572;
1628;Standard;0;Kartesisch;-0.300;1.600;-3.595;
1629;Standard;0;Kartesisch;-0.300;1.700;-3.618;
1630;Standard;0;Kartesisch;-0.300;1.800;-3.641;
1631;Standard;0;Kartesisch;-0.300;1.900;-3.664;
1632;Standard;0;Kartesisch;-0.300;2.000;-3.688;
1633;Standard;0;Kartesisch;-0.400;0.100;-3.273;
1634;Standard;0;Kartesisch;-0.400;0.200;-3.295;
1635;Standard;0;Kartesisch;-0.400;0.300;-3.318;
1636;Standard;0;Kartesisch;-0.400;0.400;-3.340;
1637;Standard;0;Kartesisch;-0.400;0.500;-3.363;
1638;Standard;0;Kartesisch;-0.400;0.600;-3.385;
1639;Standard;0;Kartesisch;-0.400;0.700;-3.408;
1640;Standard;0;Kartesisch;-0.400;0.800;-3.430;
1641;Standard;0;Kartesisch;-0.400;0.900;-3.453;
1642;Standard;0;Kartesisch;-0.400;1.000;-3.475;
1643;Standard;0;Kartesisch;-0.400;1.100;-3.498;
1644;Standard;0;Kartesisch;-0.400;1.200;-3.520;
1645;Standard;0;Kartesisch;-0.400;1.300;-3.543;
1646;Standard;0;Kartesisch;-0.400;1.400;-3.565;
1647;Standard;0;Kartesisch;-0.400;1.500;-3.588;
1648;Standard;0;Kartesisch;-0.400;1.600;-3.610;
1649;Standard;0;Kartesisch;-0.400;1.700;-3.633;
1650;Standard;0;Kartesisch;-0.400;1.800;-3.655;
1651;Standard;0;Kartesisch;-0.400;1.900;-3.678;
1652;Standard;0;Kartesisch;-0.400;2.000;-3.700;
1653;Standard;0;Kartesisch;-0.500;0.100;-3.297;
1654;Standard;0;Kartesisch;-0.500;0.200;-3.319;
1655;Standard;0;Kartesisch;-0.500;0.300;-3.341;
1656;Standard;0;Kartesisch;-0.500;0.400;-3.363;
1657;Standard;0;Kartesisch;-0.500;0.500;-3.384;
1658;Standard;0;Kartesisch;-0.500;0.600;-3.406;
1659;Standard;0;Kartesisch;-0.500;0.700;-3.428;
1660;Standard;0;Kartesisch;-0.500;0.800;-3.450;
1661;Standard;0;Kartesisch;-0.500;0.900;-3.472;
1662;Standard;0;Kartesisch;-0.500;1.000;-3.494;
1663;Standard;0;Kartesisch;-0.500;1.100;-3.516;
1664;Standard;0;Kartesisch;-0.500;1.200;-3.538;
1665;Standard;0;Kartesisch;-0.500;1.300;-3.559;
1666;Standard;0;Kartesisch;-0.500;1.400;-3.581;
1667;Standard;0;Kartesisch;-0.500;1.500;-3.603;
1668;Standard;0;Kartesisch;-0.500;1.600;-3.625;
1669;Standard;0;Kartesisch;-0.500;1.700;-3.647;
1670;Standard;0;Kartesisch;-0.500;1.800;-3.669;
1671;Standard;0;Kartesisch;-0.500;1.900;-3.691;
1672;Standard;0;Kartesisch;-0.500;2.000;-3.713;
1673;Standard;0;Kartesisch;-0.600;0.100;-3.321;
1674;Standard;0;Kartesisch;-0.600;0.200;-3.343;
1675;Standard;0;Kartesisch;-0.600;0.300;-3.364;
1676;Standard;0;Kartesisch;-0.600;0.400;-3.385;
1677;Standard;0;Kartesisch;-0.600;0.500;-3.406;
1678;Standard;0;Kartesisch;-0.600;0.600;-3.428;
1679;Standard;0;Kartesisch;-0.600;0.700;-3.449;
1680;Standard;0;Kartesisch;-0.600;0.800;-3.470;
1681;Standard;0;Kartesisch;-0.600;0.900;-3.491;
1682;Standard;0;Kartesisch;-0.600;1.000;-3.513;
1683;Standard;0;Kartesisch;-0.600;1.100;-3.534;
1684;Standard;0;Kartesisch;-0.600;1.200;-3.555;
1685;Standard;0;Kartesisch;-0.600;1.300;-3.576;
1686;Standard;0;Kartesisch;-0.600;1.400;-3.598;
1687;Standard;0;Kartesisch;-0.600;1.500;-3.619;
1688;Standard;0;Kartesisch;-0.600;1.600;-3.640;
1689;Standard;0;Kartesisch;-0.600;1.700;-3.661;
1690;Standard;0;Kartesisch;-0.600;1.800;-3.683;
1691;Standard;0;Kartesisch;-0.600;1.900;-3.704;
1692;Standard;0;Kartesisch;-0.600;2.000;-3.725;
1693;Standard;0;Kartesisch;-0.700;0.100;-3.346;
1694;Standard;0;Kartesisch;-0.700;0.200;-3.366;
1695;Standard;0;Kartesisch;-0.700;0.300;-3.387;
1696;Standard;0;Kartesisch;-0.700;0.400;-3.408;
1697;Standard;0;Kartesisch;-0.700;0.500;-3.428;
1698;Standard;0;Kartesisch;-0.700;0.600;-3.449;
1699;Standard;0;Kartesisch;-0.700;0.700;-3.469;
1700;Standard;0;Kartesisch;-0.700;0.800;-3.490;
1701;Standard;0;Kartesisch;-0.700;0.900;-3.511;
1702;Standard;0;Kartesisch;-0.700;1.000;-3.531;
1703;Standard;0;Kartesisch;-0.700;1.100;-3.552;
1704;Standard;0;Kartesisch;-0.700;1.200;-3.573;
1705;Standard;0;Kartesisch;-0.700;1.300;-3.593;
1706;Standard;0;Kartesisch;-0.700;1.400;-3.614;
1707;Standard;0;Kartesisch;-0.700;1.500;-3.634;
1708;Standard;0;Kartesisch;-0.700;1.600;-3.655;
1709;Standard;0;Kartesisch;-0.700;1.700;-3.676;
1710;Standard;0;Kartesisch;-0.700;1.800;-3.696;
1711;Standard;0;Kartesisch;-0.700;1.900;-3.717;
1712;Standard;0;Kartesisch;-0.700;2.000;-3.738;
1713;Standard;0;Kartesisch;-0.800;0.100;-3.370;
1714;Standard;0;Kartesisch;-0.800;0.200;-3.390;
1715;Standard;0;Kartesisch;-0.800;0.300;-3.410;
1716;Standard;0;Kartesisch;-0.800;0.400;-3.430;
1717;Standard;0;Kartesisch;-0.800;0.500;-3.450;
1718;Standard;0;Kartesisch;-0.800;0.600;-3.470;
1719;Standard;0;Kartesisch;-0.800;0.700;-3.490;
1720;Standard;0;Kartesisch;-0.800;0.800;-3.510;
1721;Standard;0;Kartesisch;-0.800;0.900;-3.530;
1722;Standard;0;Kartesisch;-0.800;1.000;-3.550;
1723;Standard;0;Kartesisch;-0.800;1.100;-3.570;
1724;Standard;0;Kartesisch;-0.800;1.200;-3.590;
1725;Standard;0;Kartesisch;-0.800;1.300;-3.610;
1726;Standard;0;Kartesisch;-0.800;1.400;-3.630;
1727;Standard;0;Kartesisch;-0.800;1.500;-3.650;
1728;Standard;0;Kartesisch;-0.800;1.600;-3.670;
1729;Standard;0;Kartesisch;-0.800;1.700;-3.690;
1730;Standard;0;Kartesisch;-0.800;1.800;-3.710;
1731;Standard;0;Kartesisch;-0.800;1.900;-3.730;
1732;Standard;0;Kartesisch;-0.800;2.000;-3.750;
1733;Standard;0;Kartesisch;-0.900;0.100;-3.394;
1734;Standard;0;Kartesisch;-0.900;0.200;-3.414;
1735;Standard;0;Kartesisch;-0.900;0.300;-3.433;
1736;Standard;0;Kartesisch;-0.900;0.400;-3.453;
1737;Standard;0;Kartesisch;-0.900;0.500;-3.472;
1738;Standard;0;Kartesisch;-0.900;0.600;-3.491;
1739;Standard;0;Kartesisch;-0.900;0.700;-3.511;
1740;Standard;0;Kartesisch;-0.900;0.800;-3.530;
1741;Standard;0;Kartesisch;-0.900;0.900;-3.549;
1742;Standard;0;Kartesisch;-0.900;1.000;-3.569;
1743;Standard;0;Kartesisch;-0.900;1.100;-3.588;
1744;Standard;0;Kartesisch;-0.900;1.200;-3.608;
1745;Standard;0;Kartesisch;-0.900;1.300;-3.627;
1746;Standard;0;Kartesisch;-0.900;1.400;-3.646;
1747;Standard;0;Kartesisch;-0.900;1.500;-3.666;
1748;Standard;0;Kartesisch;-0.900;1.600;-3.685;
1749;Standard;0;Kartesisch;-0.900;1.700;-3.704;
1750;Standard;0;Kartesisch;-0.900;1.800;-3.724;
1751;Standard;0;Kartesisch;-0.900;1.900;-3.743;
1752;Standard;0;Kartesisch;-0.900;2.000;-3.763;
1753;Standard;0;Kartesisch;-1.000;0.100;-3.419;
1754;Standard;0;Kartesisch;-1.000;0.200;-3.438;
1755;Standard;0;Kartesisch;-1.000;0.300;-3.456;
1756;Standard;0;Kartesisch;-1.000;0.400;-3.475;
1757;Standard;0;Kartesisch;-1.000;0.500;-3.494;
1758;Standard;0;Kartesisch;-1.000;0.600;-3.513;
1759;Standard;0;Kartesisch;-1.000;0.700;-3.531;
1760;Standard;0;Kartesisch;-1.000;0.800;-3.550;
1761;Standard;0;Kartesisch;-1.000;0.900;-3.569;
1762;Standard;0;Kartesisch;-1.000;1.000;-3.588;
1763;Standard;0;Kartesisch;-1.000;1.100;-3.606;
1764;Standard;0;Kartesisch;-1.000;1.200;-3.625;
1765;Standard;0;Kartesisch;-1.000;1.300;-3.644;
1766;Standard;0;Kartesisch;-1.000;1.400;-3.663;
1767;Standard;0;Kartesisch;-1.000;1.500;-3.681;
1768;Standard;0;Kartesisch;-1.000;1.600;-3.700;
1769;Standard;0;Kartesisch;-1.000;1.700;-3.719;
1770;Standard;0;Kartesisch;-1.000;1.800;-3.738;
1771;Standard;0;Kartesisch;-1.000;1.900;-3.756;
1772;Standard;0;Kartesisch;-1.000;2.000;-3.775;
1773;Standard;0;Kartesisch;-1.100;0.100;-3.443;
1774;Standard;0;Kartesisch;-1.100;0.200;-3.461;
1775;Standard;0;Kartesisch;-1.100;0.300;-3.479;
1776;Standard;0;Kartesisch;-1.100;0.400;-3.498;
1777;Standard;0;Kartesisch;-1.100;0.500;-3.516;
1778;Standard;0;Kartesisch;-1.100;0.600;-3.534;
1779;Standard;0;Kartesisch;-1.100;0.700;-3.552;
1780;Standard;0;Kartesisch;-1.100;0.800;-3.570;
1781;Standard;0;Kartesisch;-1.100;0.900;-3.588;
1782;Standard;0;Kartesisch;-1.100;1.000;-3.606;
1783;Standard;0;Kartesisch;-1.100;1.100;-3.624;
1784;Standard;0;Kartesisch;-1.100;1.200;-3.643;
1785;Standard;0;Kartesisch;-1.100;1.300;-3.661;
1786;Standard;0;Kartesisch;-1.100;1.400;-3.679;
1787;Standard;0;Kartesisch;-1.100;1.500;-3.697;
1788;Standard;0;Kartesisch;-1.100;1.600;-3.715;
1789;Standard;0;Kartesisch;-1.100;1.700;-3.733;
1790;Standard;0;Kartesisch;-1.100;1.800;-3.751;
1791;Standard;0;Kartesisch;-1.100;1.900;-3.769;
1792;Standard;0;Kartesisch;-1.100;2.000;-3.788;
1793;Standard;0;Kartesisch;-1.200;0.100;-3.468;
1794;Standard;0;Kartesisch;-1.200;0.200;-3.485;
1795;Standard;0;Kartesisch;-1.200;0.300;-3.503;
1796;Standard;0;Kartesisch;-1.200;0.400;-3.520;
1797;Standard;0;Kartesisch;-1.200;0.500;-3.538;
1798;Standard;0;Kartesisch;-1.200;0.600;-3.555;
1799;Standard;0;Kartesisch;-1.200;0.700;-3.573;
1800;Standard;0;Kartesisch;-1.200;0.800;-3.590;
1801;Standard;0;Kartesisch;-1.200;0.900;-3.608;
1802;Standard;0;Kartesisch;-1.200;1.000;-3.625;
1803;Standard;0;Kartesisch;-1.200;1.100;-3.643;
1804;Standard;0;Kartesisch;-1.200;1.200;-3.660;
1805;Standard;0;Kartesisch;-1.200;1.300;-3.678;
1806;Standard;0;Kartesisch;-1.200;1.400;-3.695;
1807;Standard;0;Kartesisch;-1.200;1.500;-3.713;
1808;Standard;0;Kartesisch;-1.200;1.600;-3.730;
1809;Standard;0;Kartesisch;-1.200;1.700;-3.748;
1810;Standard;0;Kartesisch;-1.200;1.800;-3.765;
1811;Standard;0;Kartesisch;-1.200;1.900;-3.783;
1812;Standard;0;Kartesisch;-1.200;2.000;-3.800;
1813;Standard;0;Kartesisch;-1.300;0.100;-3.492;
1814;Standard;0;Kartesisch;-1.300;0.200;-3.509;
1815;Standard;0;Kartesisch;-1.300;0.300;-3.526;
1816;Standard;0;Kartesisch;-1.300;0.400;-3.543;
1817;Standard;0;Kartesisch;-1.300;0.500;-3.559;
1818;Standard;0;Kartesisch;-1.300;0.600;-3.576;
1819;Standard;0;Kartesisch;-1.300;0.700;-3.593;
1820;Standard;0;Kartesisch;-1.300;0.800;-3.610;
1821;Standard;0;Kartesisch;-1.300;0.900;-3.627;
1822;Standard;0;Kartesisch;-1.300;1.000;-3.644;
1823;Standard;0;Kartesisch;-1.300;1.100;-3.661;
1824;Standard;0;Kartesisch;-1.300;1.200;-3.678;
1825;Standard;0;Kartesisch;-1.300;1.300;-3.694;
1826;Standard;0;Kartesisch;-1.300;1.400;-3.711;
1827;Standard;0;Kartesisch;-1.300;1.500;-3.728;
1828;Standard;0;Kartesisch;-1.300;1.600;-3.745;
1829;Standard;0;Kartesisch;-1.300;1.700;-3.762;
1830;Standard;0;Kartesisch;-1.300;1.800;-3.779;
1831;Standard;0;Kartesisch;-1.300;1.900;-3.796;
1832;Standard;0;Kartesisch;-1.300;2.000;-3.813;
1833;Standard;0;Kartesisch;-1.400;0.100;-3.516;
1834;Standard;0;Kartesisch;-1.400;0.200;-3.533;
1835;Standard;0;Kartesisch;-1.400;0.300;-3.549;
1836;Standard;0;Kartesisch;-1.400;0.400;-3.565;
1837;Standard;0;Kartesisch;-1.400;0.500;-3.581;
1838;Standard;0;Kartesisch;-1.400;0.600;-3.598;
1839;Standard;0;Kartesisch;-1.400;0.700;-3.614;
1840;Standard;0;Kartesisch;-1.400;0.800;-3.630;
1841;Standard;0;Kartesisch;-1.400;0.900;-3.646;
1842;Standard;0;Kartesisch;-1.400;1.000;-3.663;
1843;Standard;0;Kartesisch;-1.400;1.100;-3.679;
1844;Standard;0;Kartesisch;-1.400;1.200;-3.695;
1845;Standard;0;Kartesisch;-1.400;1.300;-3.711;
1846;Standard;0;Kartesisch;-1.400;1.400;-3.728;
1847;Standard;0;Kartesisch;-1.400;1.500;-3.744;
1848;Standard;0;Kartesisch;-1.400;1.600;-3.760;
1849;Standard;0;Kartesisch;-1.400;1.700;-3.776;
1850;Standard;0;Kartesisch;-1.400;1.800;-3.793;
1851;Standard;0;Kartesisch;-1.400;1.900;-3.809;
1852;Standard;0;Kartesisch;-1.400;2.000;-3.825;
1853;Standard;0;Kartesisch;-1.500;0.100;-3.541;
1854;Standard;0;Kartesisch;-1.500;0.200;-3.556;
1855;Standard;0;Kartesisch;-1.500;0.300;-3.572;
1856;Standard;0;Kartesisch;-1.500;0.400;-3.588;
1857;Standard;0;Kartesisch;-1.500;0.500;-3.603;
1858;Standard;0;Kartesisch;-1.500;0.600;-3.619;
1859;Standard;0;Kartesisch;-1.500;0.700;-3.634;
1860;Standard;0;Kartesisch;-1.500;0.800;-3.650;
1861;Standard;0;Kartesisch;-1.500;0.900;-3.666;
1862;Standard;0;Kartesisch;-1.500;1.000;-3.681;
1863;Standard;0;Kartesisch;-1.500;1.100;-3.697;
1864;Standard;0;Kartesisch;-1.500;1.200;-3.713;
1865;Standard;0;Kartesisch;-1.500;1.300;-3.728;
1866;Standard;0;Kartesisch;-1.500;1.400;-3.744;
1867;Standard;0;Kartesisch;-1.500;1.500;-3.759;
1868;Standard;0;Kartesisch;-1.500;1.600;-3.775;
1869;Standard;0;Kartesisch;-1.500;1.700;-3.791;
1870;Standard;0;Kartesisch;-1.500;1.800;-3.806;
1871;Standard;0;Kartesisch;-1.500;1.900;-3.822;
1872;Standard;0;Kartesisch;-1.500;2.000;-3.838;
1873;Standard;0;Kartesisch;-1.600;0.100;-3.565;
1874;Standard;0;Kartesisch;-1.600;0.200;-3.580;
1875;Standard;0;Kartesisch;-1.600;0.300;-3.595;
1876;Standard;0;Kartesisch;-1.600;0.400;-3.610;
1877;Standard;0;Kartesisch;-1.600;0.500;-3.625;
1878;Standard;0;Kartesisch;-1.600;0.600;-3.640;
1879;Standard;0;Kartesisch;-1.600;0.700;-3.655;
1880;Standard;0;Kartesisch;-1.600;0.800;-3.670;
1881;Standard;0;Kartesisch;-1.600;0.900;-3.685;
1882;Standard;0;Kartesisch;-1.600;1.000;-3.700;
1883;Standard;0;Kartesisch;-1.600;1.100;-3.715;
1884;Standard;0;Kartesisch;-1.600;1.200;-3.730;
1885;Standard;0;Kartesisch;-1.600;1.300;-3.745;
1886;Standard;0;Kartesisch;-1.600;1.400;-3.760;
1887;Standard;0;Kartesisch;-1.600;1.500;-3.775;
1888;Standard;0;Kartesisch;-1.600;1.600;-3.790;
1889;Standard;0;Kartesisch;-1.600;1.700;-3.805;
1890;Standard;0;Kartesisch;-1.600;1.800;-3.820;
1891;Standard;0;Kartesisch;-1.600;1.900;-3.835;
1892;Standard;0;Kartesisch;-1.600;2.000;-3.850;
1893;Standard;0;Kartesisch;-1.700;0.100;-3.589;
1894;Standard;0;Kartesisch;-1.700;0.200;-3.604;
1895;Standard;0;Kartesisch;-1.700;0.300;-3.618;
1896;Standard;0;Kartesisch;-1.700;0.400;-3.633;
1897;Standard;0;Kartesisch;-1.700;0.500;-3.647;
1898;Standard;0;Kartesisch;-1.700;0.600;-3.661;
1899;Standard;0;Kartesisch;-1.700;0.700;-3.676;
1900;Standard;0;Kartesisch;-1.700;0.800;-3.690;
1901;Standard;0;Kartesisch;-1.700;0.900;-3.704;
1902;Standard;0;Kartesisch;-1.700;1.000;-3.719;
1903;Standard;0;Kartesisch;-1.700;1.100;-3.733;
1904;Standard;0;Kartesisch;-1.700;1.200;-3.748;
1905;Standard;0;Kartesisch;-1.700;1.300;-3.762;
1906;Standard;0;Kartesisch;-1.700;1.400;-3.776;
1907;Standard;0;Kartesisch;-1.700;1.500;-3.791;
1908;Standard;0;Kartesisch;-1.700;1.600;-3.805;
1909;Standard;0;Kartesisch;-1.700;1.700;-3.819;
1910;Standard;0;Kartesisch;-1.700;1.800;-3.834;
1911;Standard;0;Kartesisch;-1.700;1.900;-3.848;
1912;Standard;0;Kartesisch;-1.700;2.000;-3.863;
1913;Standard;0;Kartesisch;-1.800;0.100;-3.614;
1914;Standard;0;Kartesisch;-1.800;0.200;-3.628;
1915;Standard;0;Kartesisch;-1.800;0.300;-3.641;
1916;Standard;0;Kartesisch;-1.800;0.400;-3.655;
1917;Standard;0;Kartesisch;-1.800;0.500;-3.669;
1918;Standard;0;Kartesisch;-1.800;0.600;-3.683;
1919;Standard;0;Kartesisch;-1.800;0.700;-3.696;
1920;Standard;0;Kartesisch;-1.800;0.800;-3.710;
1921;Standard;0;Kartesisch;-1.800;0.900;-3.724;
1922;Standard;0;Kartesisch;-1.800;1.000;-3.738;
1923;Standard;0;Kartesisch;-1.800;1.100;-3.751;
1924;Standard;0;Kartesisch;-1.800;1.200;-3.765;
1925;Standard;0;Kartesisch;-1.800;1.300;-3.779;
1926;Standard;0;Kartesisch;-1.800;1.400;-3.793;
1927;Standard;0;Kartesisch;-1.800;1.500;-3.806;
1928;Standard;0;Kartesisch;-1.800;1.600;-3.820;
1929;Standard;0;Kartesisch;-1.800;1.700;-3.834;
1930;Standard;0;Kartesisch;-1.800;1.800;-3.848;
1931;Standard;0;Kartesisch;-1.800;1.900;-3.861;
1932;Standard;0;Kartesisch;-1.800;2.000;-3.875;
1933;Standard;0;Kartesisch;-1.900;0.100;-3.638;
1934;Standard;0;Kartesisch;-1.900;0.200;-3.651;
1935;Standard;0;Kartesisch;-1.900;0.300;-3.664;
1936;Standard;0;Kartesisch;-1.900;0.400;-3.678;
1937;Standard;0;Kartesisch;-1.900;0.500;-3.691;
1938;Standard;0;Kartesisch;-1.900;0.600;-3.704;
1939;Standard;0;Kartesisch;-1.900;0.700;-3.717;
1940;Standard;0;Kartesisch;-1.900;0.800;-3.730;
1941;Standard;0;Kartesisch;-1.900;0.900;-3.743;
1942;Standard;0;Kartesisch;-1.900;1.000;-3.756;
1943;Standard;0;Kartesisch;-1.900;1.100;-3.769;
1944;Standard;0;Kartesisch;-1.900;1.200;-3.783;
1945;Standard;0;Kartesisch;-1.900;1.300;-3.796;
1946;Standard;0;Kartesisch;-1.900;1.400;-3.809;
1947;Standard;0;Kartesisch;-1.900;1.500;-3.822;
1948;Standard;0;Kartesisch;-1.900;1.600;-3.835;
1949;Standard;0;Kartesisch;-1.900;1.700;-3.848;
1950;Standard;0;Kartesisch;-1.900;1.800;-3.861;
1951;Standard;0;Kartesisch;-1.900;1.900;-3.874;
1952;Standard;0;Kartesisch;-1.900;2.000;-3.888;
1953;Standard;0;Kartesisch;-2.000;0.100;-3.663;
1954;Standard;0;Kartesisch;-2.000;0.200;-3.675;
1955;Standard;0;Kartesisch;-2.000;0.300;-3.688;
1956;Standard;0;Kartesisch;-2.000;0.400;-3.700;
1957;Standard;0;Kartesisch;-2.000;0.500;-3.713;
1958;Standard;0;Kartesisch;-2.000;0.600;-3.725;
1959;Standard;0;Kartesisch;-2.000;0.700;-3.738;
1960;Standard;0;Kartesisch;-2.000;0.800;-3.750;
1961;Standard;0;Kartesisch;-2.000;0.900;-3.763;
1962;Standard;0;Kartesisch;-2.000;1.000;-3.775;
1963;Standard;0;Kartesisch;-2.000;1.100;-3.788;
1964;Standard;0;Kartesisch;-2.000;1.200;-3.800;
1965;Standard;0;Kartesisch;-2.000;1.300;-3.813;
1966;Standard;0;Kartesisch;-2.000;1.400;-3.825;
1967;Standard;0;Kartesisch;-2.000;1.500;-3.838;
1968;Standard;0;Kartesisch;-2.000;1.600;-3.850;
1969;Standard;0;Kartesisch;-2.000;1.700;-3.863;
1970;Standard;0;Kartesisch;-2.000;1.800;-3.875;
1971;Standard;0;Kartesisch;-2.000;1.900;-3.888;
1972;Standard;0;Kartesisch;-2.000;2.000;-3.900;
1973;;;;;;;
1974;;;;;;;
1975;;;;;;;
1976;;;;;;;
1977;;;;;;;
1978;Standard;0;Kartesisch;-0.400;2.400;-3.790;
1979;Standard;0;Kartesisch;-0.400;2.800;-3.880;
1980;Standard;0;Kartesisch;-0.400;3.200;-3.970;
1981;Standard;0;Kartesisch;-0.400;3.600;-4.060;
1982;Standard;0;Kartesisch;-0.400;4.000;-4.150;
1983;Standard;0;Kartesisch;-0.800;2.400;-3.830;
1984;Standard;0;Kartesisch;-0.800;2.800;-3.910;
1985;Standard;0;Kartesisch;-0.800;3.200;-3.990;
1986;Standard;0;Kartesisch;-0.800;3.600;-4.070;
1987;Standard;0;Kartesisch;-0.800;4.000;-4.150;
1988;Standard;0;Kartesisch;-1.200;2.400;-3.870;
1989;Standard;0;Kartesisch;-1.200;2.800;-3.940;
1990;Standard;0;Kartesisch;-1.200;3.200;-4.010;
1991;Standard;0;Kartesisch;-1.200;3.600;-4.080;
1992;Standard;0;Kartesisch;-1.200;4.000;-4.150;
1993;Standard;0;Kartesisch;-1.600;2.400;-3.910;
1994;Standard;0;Kartesisch;-1.600;2.800;-3.970;
1995;Standard;0;Kartesisch;-1.600;3.200;-4.030;
1996;Standard;0;Kartesisch;-1.600;3.600;-4.090;
1997;Standard;0;Kartesisch;-1.600;4.000;-4.150;
1998;Standard;0;Kartesisch;-2.000;2.400;-3.950;
1999;Standard;0;Kartesisch;-2.000;2.800;-4.000;
2000;Standard;0;Kartesisch;-2.000;3.200;-4.050;
2001;Standard;0;Kartesisch;0.000;0.000;0.000;
2002;Standard;0;Kartesisch;-2.000;3.600;-4.100;
2003;Standard;0;Kartesisch;-2.000;4.000;-4.150;
2004;Standard;0;Kartesisch;-2.400;0.400;-3.790;
2005;Standard;0;Kartesisch;-2.400;0.800;-3.830;
2006;Standard;0;Kartesisch;-2.400;1.200;-3.870;
2007;Standard;0;Kartesisch;-2.400;1.600;-3.910;
2008;Standard;0;Kartesisch;-2.400;2.000;-3.950;
2009;Standard;0;Kartesisch;-2.400;2.400;-3.990;
2010;Standard;0;Kartesisch;-2.400;2.800;-4.030;
2011;Standard;0;Kartesisch;-2.400;3.200;-4.070;
2012;Standard;0;Kartesisch;-2.400;3.600;-4.110;
2013;Standard;0;Kartesisch;-2.400;4.000;-4.150;
2014;Standard;0;Kartesisch;-2.800;0.400;-3.880;
2015;Standard;0;Kartesisch;-2.800;0.800;-3.910;
2016;Standard;0;Kartesisch;-2.800;1.200;-3.940;
2017;Standard;0;Kartesisch;-2.800;1.600;-3.970;
2018;Standard;0;Kartesisch;-2.800;2.000;-4.000;
2019;Standard;0;Kartesisch;-2.800;2.400;-4.030;
2020;Standard;0;Kartesisch;-2.800;2.800;-4.060;
2021;Standard;0;Kartesisch;-2.800;3.200;-4.090;
2022;Standard;0;Kartesisch;-2.800;3.600;-4.120;
2023;Standard;0;Kartesisch;-2.800;4.000;-4.150;
2024;Standard;0;Kartesisch;-3.200;0.400;-3.970;
2025;Standard;0;Kartesisch;-3.200;0.800;-3.990;
2026;Standard;0;Kartesisch;-3.200;1.200;-4.010;
2027;Standard;0;Kartesisch;-3.200;1.600;-4.030;
2028;Standard;0;Kartesisch;-3.200;2.000;-4.050;
2029;Standard;0;Kartesisch;-3.200;2.400;-4.070;
2030;Standard;0;Kartesisch;-3.200;2.800;-4.090;
2031;Standard;0;Kartesisch;-3.200;3.200;-4.110;
2032;Standard;0;Kartesisch;-3.200;3.600;-4.130;
2033;Standard;0;Kartesisch;-3.200;4.000;-4.150;
2034;Standard;0;Kartesisch;-3.600;0.400;-4.060;
2035;Standard;0;Kartesisch;-3.600;0.800;-4.070;
2036;Standard;0;Kartesisch;-3.600;1.200;-4.080;
2037;Standard;0;Kartesisch;-3.600;1.600;-4.090;
2038;Standard;0;Kartesisch;-3.600;2.000;-4.100;
2039;Standard;0;Kartesisch;-3.600;2.400;-4.110;
2040;Standard;0;Kartesisch;-3.600;2.800;-4.120;
2041;Standard;0;Kartesisch;-3.600;3.200;-4.130;
2042;Standard;0;Kartesisch;-3.600;3.600;-4.140;
2043;Standard;0;Kartesisch;-3.600;4.000;-4.150;
2044;Standard;0;Kartesisch;-4.000;0.400;-4.150;
2045;Standard;0;Kartesisch;-4.000;0.800;-4.150;
2046;Standard;0;Kartesisch;-4.000;1.200;-4.150;
2047;Standard;0;Kartesisch;-4.000;1.600;-4.150;
2048;Standard;0;Kartesisch;-4.000;2.000;-4.150;
2049;Standard;0;Kartesisch;-4.000;2.400;-4.150;
2050;Standard;0;Kartesisch;-4.000;2.800;-4.150;
2051;Standard;0;Kartesisch;-4.000;3.200;-4.150;
2052;Standard;0;Kartesisch;-4.000;3.600;-4.150;
2053;Standard;0;Kartesisch;-4.000;4.000;-4.150;
