Knoten;;Bezugs-;Koordinaten-;Knotenkoordinaten;;;
Nr.;Knotentyp;Knoten;System;X [m];Y [m];Z [m];Kommentar
1;Standard;0;Kartesisch;-3.500;-3.500;0.000;
2;Standard;0;Kartesisch;-3.500;-3.250;0.000;
3;Standard;0;Kartesisch;-3.500;-3.000;0.000;
4;Standard;0;Kartesisch;-3.500;-2.750;0.000;
5;Standard;0;Kartesisch;-3.500;-2.500;0.000;
6;Standard;0;Kartesisch;-3.500;-2.250;0.000;
7;Standard;0;Kartesisch;-3.500;-2.000;0.000;
8;Standard;0;Kartesisch;-3.500;-1.750;0.000;
9;Standard;0;Kartesisch;-3.500;-1.500;0.000;
10;Standard;0;Kartesisch;-3.500;-1.250;0.000;
11;Standard;0;Kartesisch;-3.500;-1.000;0.000;
12;Standard;0;Kartesisch;-3.500;-0.750;0.000;
13;Standard;0;Kartesisch;-3.500;-0.500;0.000;
14;Standard;0;Kartesisch;-3.500;-0.250;0.000;
15;Standard;0;Kartesisch;-3.500;0.000;0.000;
16;Standard;0;Kartesisch;-3.500;0.250;0.000;
17;Standard;0;Kartesisch;-3.500;0.500;0.000;
18;Standard;0;Kartesisch;-3.500;0.750;0.000;
19;Standard;0;Kartesisch;-3.500;1.000;0.000;
20;Standard;0;Kartesisch;-3.500;1.250;0.000;
21;Standard;0;Kartesisch;-3.500;1.500;0.000;
22;Standard;0;Kartesisch;-3.500;1.750;0.000;
23;Standard;0;Kartesisch;-3.500;2.000;0.000;
24;Standard;0;Kartesisch;-3.500;2.250;0.000;
25;Standard;0;Kartesisch;-3.500;2.500;0.000;
26;Standard;0;Kartesisch;-3.500;2.750;0.000;
27;Standard;0;Kartesisch;-3.500;3.000;0.000;
28;Standard;0;Kartesisch;-3.500;3.250;0.000;
29;Standard;0;Kartesisch;-3.500;3.500;0.000;
30;Standard;0;Kartesisch;-3.250;-3.500;0.000;
31;Standard;0;Kartesisch;-3.250;-3.250;0.000;
32;Standard;0;Kartesisch;-3.250;-3.000;0.000;
33;Standard;0;Kartesisch;-3.250;-2.750;0.000;
34;Standard;0;Kartesisch;-3.250;-2.500;0.000;
35;Standard;0;Kartesisch;-3.250;-2.250;0.000;
36;Standard;0;Kartesisch;-3.250;-2.000;0.000;
37;Standard;0;Kartesisch;-3.250;-1.750;0.000;
38;Standard;0;Kartesisch;-3.250;-1.500;0.000;
39;Standard;0;Kartesisch;-3.250;-1.250;0.000;
40;Standard;0;Kartesisch;-3.250;-1.000;0.000;
41;Standard;0;Kartesisch;-3.250;-0.750;0.000;
42;Standard;0;Kartesisch;-3.250;-0.500;0.000;
43;Standard;0;Kartesisch;-3.250;-0.250;0.000;
44;Standard;0;Kartesisch;-3.250;0.000;0.000;
45;Standard;0;Kartesisch;-3.250;0.250;0.000;
46;Standard;0;Kartesisch;-3.250;0.500;0.000;
47;Standard;0;Kartesisch;-3.250;0.750;0.000;
48;Standard;0;Kartesisch;-3.250;1.000;0.000;
49;Standard;0;Kartesisch;-3.250;1.250;0.000;
50;Standard;0;Kartesisch;-3.250;1.500;0.000;
51;Standard;0;Kartesisch;-3.250;1.750;0.000;
52;Standard;0;Kartesisch;-3.250;2.000;0.000;
53;Standard;0;Kartesisch;-3.250;2.250;0.000;
54;Standard;0;Kartesisch;-3.250;2.500;0.000;
55;Standard;0;Kartesisch;-3.250;2.750;0.000;
56;Standard;0;Kartesisch;-3.250;3.000;0.000;
57;Standard;0;Kartesisch;-3.250;3.250;0.000;
58;Standard;0;Kartesisch;-3.250;3.500;0.000;
59;Standard;0;Kartesisch;-3.000;-3.500;0.000;
60;Standard;0;Kartesisch;-3.000;-3.250;0.000;
61;Standard;0;Kartesisch;-3.000;-3.000;0.000;
62;Standard;0;Kartesisch;-3.000;-2.750;0.000;
63;Standard;0;Kartesisch;-3.000;-2.500;0.000;
64;Standard;0;Kartesisch;-3.000;-2.250;0.000;
65;Standard;0;Kartesisch;-3.000;-2.000;0.000;
66;Standard;0;Kartesisch;-3.000;-1.750;0.000;
67;Standard;0;Kartesisch;-3.000;-1.500;0.000;
68;Standard;0;Kartesisch;-3.000;-1.250;0.000;
69;Standard;0;Kartesisch;-3.000;-1.000;0.000;
70;Standard;0;Kartesisch;-3.000;-0.750;0.000;
71;Standard;0;Kartesisch;-3.000;-0.500;0.000;
72;Standard;0;Kartesisch;-3.000;-0.250;0.000;
73;Standard;0;Kartesisch;-3.000;0.000;0.000;
74;Standard;0;Kartesisch;-3.000;0.250;0.000;
75;Standard;0;Kartesisch;-3.000;0.500;0.000;
76;Standard;0;Kartesisch;-3.000;0.750;0.000;
77;Standard;0;Kartesisch;-3.000;1.000;0.000;
78;Standard;0;Kartesisch;-3.000;1.250;0.000;
79;Standard;0;Kartesisch;-3.000;1.500;0.000;
80;Standard;0;Kartesisch;-3.000;1.750;0.000;
81;Standard;0;Kartesisch;-3.000;2.000;0.000;
82;Standard;0;Kartesisch;-3.000;2.250;0.000;
83;Standard;0;Kartesisch;-3.000;2.500;0.000;
84;Standard;0;Kartesisch;-3.000;2.750;0.000;
85;Standard;0;Kartesisch;-3.000;3.000;0.000;
86;Standard;0;Kartesisch;-3.000;3.250;0.000;
87;Standard;0;Kartesisch;-3.000;3.500;0.000;
88;Standard;0;Kartesisch;-2.750;-3.500;0.000;
89;Standard;0;Kartesisch;-2.750;-3.250;0.000;
90;Standard;0;Kartesisch;-2.750;-3.000;0.000;
91;Standard;0;Kartesisch;-2.750;-2.750;0.000;
92;Standard;0;Kartesisch;-2.750;-2.500;0.000;
93;Standard;0;Kartesisch;-2.750;-2.250;0.000;
94;Standard;0;Kartesisch;-2.750;-2.000;0.000;
95;Standard;0;Kartesisch;-2.750;-1.750;0.000;
96;Standard;0;Kartesisch;-2.750;-1.500;0.000;
97;Standard;0;Kartesisch;-2.750;-1.250;0.000;
98;Standard;0;Kartesisch;-2.750;-1.000;0.000;
99;Standard;0;Kartesisch;-2.750;-0.750;0.000;
100;Standard;0;Kartesisch;-2.750;-0.500;0.000;
101;Standard;0;Kartesisch;-2.750;-0.250;0.000;
102;Standard;0;Kartesisch;-2.750;0.000;0.000;
103;Standard;0;Kartesisch;-2.750;0.250;0.000;
104;Standard;0;Kartesisch;-2.750;0.500;0.000;
105;Standard;0;Kartesisch;-2.750;0.750;0.000;
106;Standard;0;Kartesisch;-2.750;1.000;0.000;
107;Standard;0;Kartesisch;-2.750;1.250;0.000;
108;Standard;0;Kartesisch;-2.750;1.500;0.000;
109;Standard;0;Kartesisch;-2.750;1.750;0.000;
110;Standard;0;Kartesisch;-2.750;2.000;0.000;
111;Standard;0;Kartesisch;-2.750;2.250;0.000;
112;Standard;0;Kartesisch;-2.750;2.500;0.000;
113;Standard;0;Kartesisch;-2.750;2.750;0.000;
114;Standard;0;Kartesisch;-2.750;3.000;0.000;
115;Standard;0;Kartesisch;-2.750;3.250;0.000;
116;Standard;0;Kartesisch;-2.750;3.500;0.000;
117;Standard;0;Kartesisch;-2.500;-3.500;0.000;
118;Standard;0;Kartesisch;-2.500;-3.250;0.000;
119;Standard;0;Kartesisch;-2.500;-3.000;0.000;
120;Standard;0;Kartesisch;-2.500;-2.750;0.000;
121;Standard;0;Kartesisch;-2.500;-2.500;0.000;
122;Standard;0;Kartesisch;-2.500;-2.250;0.000;
123;Standard;0;Kartesisch;-2.500;-2.000;0.000;
124;Standard;0;Kartesisch;-2.500;-1.750;0.000;
125;Standard;0;Kartesisch;-2.500;-1.500;0.000;
126;Standard;0;Kartesisch;-2.500;-1.250;0.000;
127;Standard;0;Kartesisch;-2.500;-1.000;0.000;
128;Standard;0;Kartesisch;-2.500;-0.750;0.000;
129;Standard;0;Kartesisch;-2.500;-0.500;0.000;
130;Standard;0;Kartesisch;-2.500;-0.250;0.000;
131;Standard;0;Kartesisch;-2.500;0.000;0.000;
132;Standard;0;Kartesisch;-2.500;0.250;0.000;
133;Standard;0;Kartesisch;-2.500;0.500;0.000;
134;Standard;0;Kartesisch;-2.500;0.750;0.000;
135;Standard;0;Kartesisch;-2.500;1.000;0.000;
136;Standard;0;Kartesisch;-2.500;1.250;0.000;
137;Standard;0;Kartesisch;-2.500;1.500;0.000;
138;Standard;0;Kartesisch;-2.500;1.750;0.000;
139;Standard;0;Kartesisch;-2.500;2.000;0.000;
140;Standard;0;Kartesisch;-2.500;2.250;0.000;
141;Standard;0;Kartesisch;-2.500;2.500;0.000;
142;Standard;0;Kartesisch;-2.500;2.750;0.000;
143;Standard;0;Kartesisch;-2.500;3.000;0.000;
144;Standard;0;Kartesisch;-2.500;3.250;0.000;
145;Standard;0;Kartesisch;-2.500;3.500;0.000;
146;Standard;0;Kartesisch;-2.250;-3.500;0.000;
147;Standard;0;Kartesisch;-2.250;-3.250;0.000;
148;Standard;0;Kartesisch;-2.250;-3.000;0.000;
149;Standard;0;Kartesisch;-2.250;-2.750;0.000;
150;Standard;0;Kartesisch;-2.250;-2.500;0.000;
151;Standard;0;Kartesisch;-2.250;-2.250;0.000;
152;Standard;0;Kartesisch;-2.250;-2.000;0.000;
153;Standard;0;Kartesisch;-2.250;-1.750;0.000;
154;Standard;0;Kartesisch;-2.250;-1.500;0.000;
155;Standard;0;Kartesisch;-2.250;-1.250;0.000;
156;Standard;0;Kartesisch;-2.250;-1.000;0.000;
157;Standard;0;Kartesisch;-2.250;-0.750;0.000;
158;Standard;0;Kartesisch;-2.250;-0.500;0.000;
159;Standard;0;Kartesisch;-2.250;-0.250;0.000;
160;Standard;0;Kartesisch;-2.250;0.000;0.000;
161;Standard;0;Kartesisch;-2.250;0.250;0.000;
162;Standard;0;Kartesisch;-2.250;0.500;0.000;
163;Standard;0;Kartesisch;-2.250;0.750;0.000;
164;Standard;0;Kartesisch;-2.250;1.000;0.000;
165;Standard;0;Kartesisch;-2.250;1.250;0.000;
166;Standard;0;Kartesisch;-2.250;1.500;0.000;
167;Standard;0;Kartesisch;-2.250;1.750;0.000;
168;Standard;0;Kartesisch;-2.250;2.000;0.000;
169;Standard;0;Kartesisch;-2.250;2.250;0.000;
170;Standard;0;Kartesisch;-2.250;2.500;0.000;
171;Standard;0;Kartesisch;-2.250;2.750;0.000;
172;Standard;0;Kartesisch;-2.250;3.000;0.000;
173;Standard;0;Kartesisch;-2.250;3.250;0.000;
174;Standard;0;Kartesisch;-2.250;3.500;0.000;
175;Standard;0;Kartesisch;-2.000;-3.500;0.000;
176;Standard;0;Kartesisch;-2.000;-3.250;0.000;
177;Standard;0;Kartesisch;-2.000;-3.000;0.000;
178;Standard;0;Kartesisch;-2.000;-2.750;0.000;
179;Standard;0;Kartesisch;-2.000;-2.500;0.000;
180;Standard;0;Kartesisch;-2.000;-2.250;0.000;
181;Standard;0;Kartesisch;-2.000;-2.000;0.000;
182;Standard;0;Kartesisch;-2.000;-1.750;0.000;
183;Standard;0;Kartesisch;-2.000;-1.500;0.000;
184;Standard;0;Kartesisch;-2.000;-1.250;0.000;
185;Standard;0;Kartesisch;-2.000;-1.000;0.000;
186;Standard;0;Kartesisch;-2.000;-0.750;0.000;
187;Standard;0;Kartesisch;-2.000;-0.500;0.000;
188;Standard;0;Kartesisch;-2.000;-0.250;0.000;
189;Standard;0;Kartesisch;-2.000;0.000;0.000;
190;Standard;0;Kartesisch;-2.000;0.250;0.000;
191;Standard;0;Kartesisch;-2.000;0.500;0.000;
192;Standard;0;Kartesisch;-2.000;0.750;0.000;
193;Standard;0;Kartesisch;-2.000;1.000;0.000;
194;Standard;0;Kartesisch;-2.000;1.250;0.000;
195;Standard;0;Kartesisch;-2.000;1.500;0.000;
196;Standard;0;Kartesisch;-2.000;1.750;0.000;
197;Standard;0;Kartesisch;-2.000;2.000;0.000;
198;Standard;0;Kartesisch;-2.000;2.250;0.000;
199;Standard;0;Kartesisch;-2.000;2.500;0.000;
200;Standard;0;Kartesisch;-2.000;2.750;0.000;
201;Standard;0;Kartesisch;-2.000;3.000;0.000;
202;Standard;0;Kartesisch;-2.000;3.250;0.000;
203;Standard;0;Kartesisch;-2.000;3.500;0.000;
204;Standard;0;Kartesisch;-1.750;-3.500;0.000;
205;Standard;0;Kartesisch;-1.750;-3.250;0.000;
206;Standard;0;Kartesisch;-1.750;-3.000;0.000;
207;Standard;0;Kartesisch;-1.750;-2.750;0.000;
208;Standard;0;Kartesisch;-1.750;-2.500;0.000;
209;Standard;0;Kartesisch;-1.750;-2.250;0.000;
210;Standard;0;Kartesisch;-1.750;-2.000;0.000;
211;Standard;0;Kartesisch;-1.750;-1.750;0.000;
212;Standard;0;Kartesisch;-1.750;-1.500;0.000;
213;Standard;0;Kartesisch;-1.750;-1.250;0.000;
214;Standard;0;Kartesisch;-1.750;-1.000;0.000;
215;Standard;0;Kartesisch;-1.750;-0.750;0.000;
216;Standard;0;Kartesisch;-1.750;-0.500;0.000;
217;Standard;0;Kartesisch;-1.750;-0.250;0.000;
218;Standard;0;Kartesisch;-1.750;0.000;0.000;
219;Standard;0;Kartesisch;-1.750;0.250;0.000;
220;Standard;0;Kartesisch;-1.750;0.500;0.000;
221;Standard;0;Kartesisch;-1.750;0.750;0.000;
222;Standard;0;Kartesisch;-1.750;1.000;0.000;
223;Standard;0;Kartesisch;-1.750;1.250;0.000;
224;Standard;0;Kartesisch;-1.750;1.500;0.000;
225;Standard;0;Kartesisch;-1.750;1.750;0.000;
226;Standard;0;Kartesisch;-1.750;2.000;0.000;
227;Standard;0;Kartesisch;-1.750;2.250;0.000;
228;Standard;0;Kartesisch;-1.750;2.500;0.000;
229;Standard;0;Kartesisch;-1.750;2.750;0.000;
230;Standard;0;Kartesisch;-1.750;3.000;0.000;
231;Standard;0;Kartesisch;-1.750;3.250;0.000;
232;Standard;0;Kartesisch;-1.750;3.500;0.000;
233;Standard;0;Kartesisch;-1.500;-3.500;0.000;
234;Standard;0;Kartesisch;-1.500;-3.250;0.000;
235;Standard;0;Kartesisch;-1.500;-3.000;0.000;
236;Standard;0;Kartesisch;-1.500;-2.750;0.000;
237;Standard;0;Kartesisch;-1.500;-2.500;0.000;
238;Standard;0;Kartesisch;-1.500;-2.250;0.000;
239;Standard;0;Kartesisch;-1.500;-2.000;0.000;
240;Standard;0;Kartesisch;-1.500;-1.750;0.000;
241;Standard;0;Kartesisch;-1.500;-1.500;0.000;
242;Standard;0;Kartesisch;-1.500;-1.250;0.000;
243;Standard;0;Kartesisch;-1.500;-1.000;0.000;
244;Standard;0;Kartesisch;-1.500;-0.750;0.000;
245;Standard;0;Kartesisch;-1.500;-0.500;0.000;
246;Standard;0;Kartesisch;-1.500;-0.250;0.000;
247;Standard;0;Kartesisch;-1.500;0.000;0.000;
248;Standard;0;Kartesisch;-1.500;0.250;0.000;
249;Standard;0;Kartesisch;-1.500;0.500;0.000;
250;Standard;0;Kartesisch;-1.500;0.750;0.000;
251;Standard;0;Kartesisch;-1.500;1.000;0.000;
252;Standard;0;Kartesisch;-1.500;1.250;0.000;
253;Standard;0;Kartesisch;-1.500;1.500;0.000;
254;Standard;0;Kartesisch;-1.500;1.750;0.000;
255;Standard;0;Kartesisch;-1.500;2.000;0.000;
256;Standard;0;Kartesisch;-1.500;2.250;0.000;
257;Standard;0;Kartesisch;-1.500;2.500;0.000;
258;Standard;0;Kartesisch;-1.500;2.750;0.000;
259;Standard;0;Kartesisch;-1.500;3.000;0.000;
260;Standard;0;Kartesisch;-1.500;3.250;0.000;
261;Standard;0;Kartesisch;-1.500;3.500;0.000;
262;Standard;0;Kartesisch;-1.250;-3.500;0.000;
263;Standard;0;Kartesisch;-1.250;-3.250;0.000;
264;Standard;0;Kartesisch;-1.250;-3.000;0.000;
265;Standard;0;Kartesisch;-1.250;-2.750;0.000;
266;Standard;0;Kartesisch;-1.250;-2.500;0.000;
267;Standard;0;Kartesisch;-1.250;-2.250;0.000;
268;Standard;0;Kartesisch;-1.250;-2.000;0.000;
269;Standard;0;Kartesisch;-1.250;-1.750;0.000;
270;Standard;0;Kartesisch;-1.250;-1.500;0.000;
271;Standard;0;Kartesisch;-1.250;-1.250;0.000;
272;Standard;0;Kartesisch;-1.250;-1.000;0.000;
273;Standard;0;Kartesisch;-1.250;-0.750;0.000;
274;Standard;0;Kartesisch;-1.250;-0.500;0.000;
275;Standard;0;Kartesisch;-1.250;-0.250;0.000;
276;Standard;0;Kartesisch;-1.250;0.000;0.000;
277;Standard;0;Kartesisch;-1.250;0.250;0.000;
278;Standard;0;Kartesisch;-1.250;0.500;0.000;
279;Standard;0;Kartesisch;-1.250;0.750;0.000;
280;Standard;0;Kartesisch;-1.250;1.000;0.000;
281;Standard;0;Kartesisch;-1.250;1.250;0.000;
282;Standard;0;Kartesisch;-1.250;1.500;0.000;
283;Standard;0;Kartesisch;-1.250;1.750;0.000;
284;Standard;0;Kartesisch;-1.250;2.000;0.000;
285;Standard;0;Kartesisch;-1.250;2.250;0.000;
286;Standard;0;Kartesisch;-1.250;2.500;0.000;
287;Standard;0;Kartesisch;-1.250;2.750;0.000;
288;Standard;0;Kartesisch;-1.250;3.000;0.000;
289;Standard;0;Kartesisch;-1.250;3.250;0.000;
290;Standard;0;Kartesisch;-1.250;3.500;0.000;
291;Standard;0;Kartesisch;-1.000;-3.500;0.000;
292;Standard;0;Kartesisch;-1.000;-3.250;0.000;
293;Standard;0;Kartesisch;-1.000;-3.000;0.000;
294;Standard;0;Kartesisch;-1.000;-2.750;0.000;
295;Standard;0;Kartesisch;-1.000;-2.500;0.000;
296;Standard;0;Kartesisch;-1.000;-2.250;0.000;
297;Standard;0;Kartesisch;-1.000;-2.000;0.000;
298;Standard;0;Kartesisch;-1.000;-1.750;0.000;
299;Standard;0;Kartesisch;-1.000;-1.500;0.000;
300;Standard;0;Kartesisch;-1.000;-1.250;0.000;
301;Standard;0;Kartesisch;-1.000;-1.000;0.000;
302;Standard;0;Kartesisch;-1.000;-0.750;0.000;
303;Standard;0;Kartesisch;-1.000;-0.500;0.000;
304;Standard;0;Kartesisch;-1.000;-0.250;0.000;
305;Standard;0;Kartesisch;-1.000;0.000;0.000;
306;Standard;0;Kartesisch;-1.000;0.250;0.000;
307;Standard;0;Kartesisch;-1.000;0.500;0.000;
308;Standard;0;Kartesisch;-1.000;0.750;0.000;
309;Standard;0;Kartesisch;-1.000;1.000;0.000;
310;Standard;0;Kartesisch;-1.000;1.250;0.000;
311;Standard;0;Kartesisch;-1.000;1.500;0.000;
312;Standard;0;Kartesisch;-1.000;1.750;0.000;
313;Standard;0;Kartesisch;-1.000;2.000;0.000;
314;Standard;0;Kartesisch;-1.000;2.250;0.000;
315;Standard;0;Kartesisch;-1.000;2.500;0.000;
316;Standard;0;Kartesisch;-1.000;2.750;0.000;
317;Standard;0;Kartesisch;-1.000;3.000;0.000;
318;Standard;0;Kartesisch;-1.000;3.250;0.000;
319;Standard;0;Kartesisch;-1.000;3.500;0.000;
320;Standard;0;Kartesisch;-0.750;-3.500;0.000;
321;Standard;0;Kartesisch;-0.750;-3.250;0.000;
322;Standard;0;Kartesisch;-0.750;-3.000;0.000;
323;Standard;0;Kartesisch;-0.750;-2.750;0.000;
324;Standard;0;Kartesisch;-0.750;-2.500;0.000;
325;Standard;0;Kartesisch;-0.750;-2.250;0.000;
326;Standard;0;Kartesisch;-0.750;-2.000;0.000;
327;Standard;0;Kartesisch;-0.750;-1.750;0.000;
328;Standard;0;Kartesisch;-0.750;-1.500;0.000;
329;Standard;0;Kartesisch;-0.750;-1.250;0.000;
330;Standard;0;Kartesisch;-0.750;-1.000;0.000;
331;Standard;0;Kartesisch;-0.750;-0.750;0.000;
332;Standard;0;Kartesisch;-0.750;-0.500;0.000;
333;Standard;0;Kartesisch;-0.750;-0.250;0.000;
334;Standard;0;Kartesisch;-0.750;0.000;0.000;
335;Standard;0;Kartesisch;-0.750;0.250;0.000;
336;Standard;0;Kartesisch;-0.750;0.500;0.000;
337;Standard;0;Kartesisch;-0.750;0.750;0.000;
338;Standard;0;Kartesisch;-0.750;1.000;0.000;
339;Standard;0;Kartesisch;-0.750;1.250;0.000;
340;Standard;0;Kartesisch;-0.750;1.500;0.000;
341;Standard;0;Kartesisch;-0.750;1.750;0.000;
342;Standard;0;Kartesisch;-0.750;2.000;0.000;
343;Standard;0;Kartesisch;-0.750;2.250;0.000;
344;Standard;0;Kartesisch;-0.750;2.500;0.000;
345;Standard;0;Kartesisch;-0.750;2.750;0.000;
346;Standard;0;Kartesisch;-0.750;3.000;0.000;
347;Standard;0;Kartesisch;-0.750;3.250;0.000;
348;Standard;0;Kartesisch;-0.750;3.500;0.000;
349;Standard;0;Kartesisch;-0.500;-3.500;0.000;
350;Standard;0;Kartesisch;-0.500;-3.250;0.000;
351;Standard;0;Kartesisch;-0.500;-3.000;0.000;
352;Standard;0;Kartesisch;-0.500;-2.750;0.000;
353;Standard;0;Kartesisch;-0.500;-2.500;0.000;
354;Standard;0;Kartesisch;-0.500;-2.250;0.000;
355;Standard;0;Kartesisch;-0.500;-2.000;0.000;
356;Standard;0;Kartesisch;-0.500;-1.750;0.000;
357;Standard;0;Kartesisch;-0.500;-1.500;0.000;
358;Standard;0;Kartesisch;-0.500;-1.250;0.000;
359;Standard;0;Kartesisch;-0.500;-1.000;0.000;
360;Standard;0;Kartesisch;-0.500;-0.750;0.000;
361;Standard;0;Kartesisch;-0.500;-0.500;0.000;
362;Standard;0;Kartesisch;-0.500;-0.250;0.000;
363;Standard;0;Kartesisch;-0.500;0.000;0.000;
364;Standard;0;Kartesisch;-0.500;0.250;0.000;
365;Standard;0;Kartesisch;-0.500;0.500;0.000;
366;Standard;0;Kartesisch;-0.500;0.750;0.000;
367;Standard;0;Kartesisch;-0.500;1.000;0.000;
368;Standard;0;Kartesisch;-0.500;1.250;0.000;
369;Standard;0;Kartesisch;-0.500;1.500;0.000;
370;Standard;0;Kartesisch;-0.500;1.750;0.000;
371;Standard;0;Kartesisch;-0.500;2.000;0.000;
372;Standard;0;Kartesisch;-0.500;2.250;0.000;
373;Standard;0;Kartesisch;-0.500;2.500;0.000;
374;Standard;0;Kartesisch;-0.500;2.750;0.000;
375;Standard;0;Kartesisch;-0.500;3.000;0.000;
376;Standard;0;Kartesisch;-0.500;3.250;0.000;
377;Standard;0;Kartesisch;-0.500;3.500;0.000;
378;Standard;0;Kartesisch;-0.250;-3.500;0.000;
379;Standard;0;Kartesisch;-0.250;-3.250;0.000;
380;Standard;0;Kartesisch;-0.250;-3.000;0.000;
381;Standard;0;Kartesisch;-0.250;-2.750;0.000;
382;Standard;0;Kartesisch;-0.250;-2.500;0.000;
383;Standard;0;Kartesisch;-0.250;-2.250;0.000;
384;Standard;0;Kartesisch;-0.250;-2.000;0.000;
385;Standard;0;Kartesisch;-0.250;-1.750;0.000;
386;Standard;0;Kartesisch;-0.250;-1.500;0.000;
387;Standard;0;Kartesisch;-0.250;-1.250;0.000;
388;Standard;0;Kartesisch;-0.250;-1.000;0.000;
389;Standard;0;Kartesisch;-0.250;-0.750;0.000;
390;Standard;0;Kartesisch;-0.250;-0.500;0.000;
391;Standard;0;Kartesisch;-0.250;-0.250;0.000;
392;Standard;0;Kartesisch;-0.250;0.000;0.000;
393;Standard;0;Kartesisch;-0.250;0.250;0.000;
394;Standard;0;Kartesisch;-0.250;0.500;0.000;
395;Standard;0;Kartesisch;-0.250;0.750;0.000;
396;Standard;0;Kartesisch;-0.250;1.000;0.000;
397;Standard;0;Kartesisch;-0.250;1.250;0.000;
398;Standard;0;Kartesisch;-0.250;1.500;0.000;
399;Standard;0;Kartesisch;-0.250;1.750;0.000;
400;Standard;0;Kartesisch;-0.250;2.000;0.000;
401;Standard;0;Kartesisch;-0.250;2.250;0.000;
402;Standard;0;Kartesisch;-0.250;2.500;0.000;
403;Standard;0;Kartesisch;-0.250;2.750;0.000;
404;Standard;0;Kartesisch;-0.250;3.000;0.000;
405;Standard;0;Kartesisch;-0.250;3.250;0.000;
406;Standard;0;Kartesisch;-0.250;3.500;0.000;
407;Standard;0;Kartesisch;0.000;-3.500;0.000;
408;Standard;0;Kartesisch;0.000;-3.250;0.000;
409;Standard;0;Kartesisch;0.000;-3.000;0.000;
410;Standard;0;Kartesisch;0.000;-2.750;0.000;
411;Standard;0;Kartesisch;0.000;-2.500;0.000;
412;Standard;0;Kartesisch;0.000;-2.250;0.000;
413;Standard;0;Kartesisch;0.000;-2.000;0.000;
414;Standard;0;Kartesisch;0.000;-1.750;0.000;
415;Standard;0;Kartesisch;0.000;-1.500;0.000;
416;Standard;0;Kartesisch;0.000;-1.250;0.000;
417;Standard;0;Kartesisch;0.000;-1.000;0.000;
418;Standard;0;Kartesisch;0.000;-0.750;0.000;
419;Standard;0;Kartesisch;0.000;-0.500;0.000;
420;Standard;0;Kartesisch;0.000;-0.250;0.000;
421;Standard;0;Kartesisch;0.000;0.000;0.000;	
422;Standard;0;Kartesisch;0.000;0.250;0.000;
423;Standard;0;Kartesisch;0.000;0.500;0.000;
424;Standard;0;Kartesisch;0.000;0.750;0.000;
425;Standard;0;Kartesisch;0.000;1.000;0.000;
426;Standard;0;Kartesisch;0.000;1.250;0.000;
427;Standard;0;Kartesisch;0.000;1.500;0.000;
428;Standard;0;Kartesisch;0.000;1.750;0.000;
429;Standard;0;Kartesisch;0.000;2.000;0.000;
430;Standard;0;Kartesisch;0.000;2.250;0.000;
431;Standard;0;Kartesisch;0.000;2.500;0.000;
432;Standard;0;Kartesisch;0.000;2.750;0.000;
433;Standard;0;Kartesisch;0.000;3.000;0.000;
434;Standard;0;Kartesisch;0.000;3.250;0.000;
435;Standard;0;Kartesisch;0.000;3.500;0.000;
436;Standard;0;Kartesisch;0.250;-3.500;0.000;
437;Standard;0;Kartesisch;0.250;-3.250;0.000;
438;Standard;0;Kartesisch;0.250;-3.000;0.000;
439;Standard;0;Kartesisch;0.250;-2.750;0.000;
440;Standard;0;Kartesisch;0.250;-2.500;0.000;
441;Standard;0;Kartesisch;0.250;-2.250;0.000;
442;Standard;0;Kartesisch;0.250;-2.000;0.000;
443;Standard;0;Kartesisch;0.250;-1.750;0.000;
444;Standard;0;Kartesisch;0.250;-1.500;0.000;
445;Standard;0;Kartesisch;0.250;-1.250;0.000;
446;Standard;0;Kartesisch;0.250;-1.000;0.000;
447;Standard;0;Kartesisch;0.250;-0.750;0.000;
448;Standard;0;Kartesisch;0.250;-0.500;0.000;
449;Standard;0;Kartesisch;0.250;-0.250;0.000;
450;Standard;0;Kartesisch;0.250;0.000;0.000;
451;Standard;0;Kartesisch;0.250;0.250;0.000;
452;Standard;0;Kartesisch;0.250;0.500;0.000;
453;Standard;0;Kartesisch;0.250;0.750;0.000;
454;Standard;0;Kartesisch;0.250;1.000;0.000;
455;Standard;0;Kartesisch;0.250;1.250;0.000;
456;Standard;0;Kartesisch;0.250;1.500;0.000;
457;Standard;0;Kartesisch;0.250;1.750;0.000;
458;Standard;0;Kartesisch;0.250;2.000;0.000;
459;Standard;0;Kartesisch;0.250;2.250;0.000;
460;Standard;0;Kartesisch;0.250;2.500;0.000;
461;Standard;0;Kartesisch;0.250;2.750;0.000;
462;Standard;0;Kartesisch;0.250;3.000;0.000;
463;Standard;0;Kartesisch;0.250;3.250;0.000;
464;Standard;0;Kartesisch;0.250;3.500;0.000;
465;Standard;0;Kartesisch;0.500;-3.500;0.000;
466;Standard;0;Kartesisch;0.500;-3.250;0.000;
467;Standard;0;Kartesisch;0.500;-3.000;0.000;
468;Standard;0;Kartesisch;0.500;-2.750;0.000;
469;Standard;0;Kartesisch;0.500;-2.500;0.000;
470;Standard;0;Kartesisch;0.500;-2.250;0.000;
471;Standard;0;Kartesisch;0.500;-2.000;0.000;
472;Standard;0;Kartesisch;0.500;-1.750;0.000;
473;Standard;0;Kartesisch;0.500;-1.500;0.000;
474;Standard;0;Kartesisch;0.500;-1.250;0.000;
475;Standard;0;Kartesisch;0.500;-1.000;0.000;
476;Standard;0;Kartesisch;0.500;-0.750;0.000;
477;Standard;0;Kartesisch;0.500;-0.500;0.000;
478;Standard;0;Kartesisch;0.500;-0.250;0.000;
479;Standard;0;Kartesisch;0.500;0.000;0.000;
480;Standard;0;Kartesisch;0.500;0.250;0.000;
481;Standard;0;Kartesisch;0.500;0.500;0.000;
482;Standard;0;Kartesisch;0.500;0.750;0.000;
483;Standard;0;Kartesisch;0.500;1.000;0.000;
484;Standard;0;Kartesisch;0.500;1.250;0.000;
485;Standard;0;Kartesisch;0.500;1.500;0.000;
486;Standard;0;Kartesisch;0.500;1.750;0.000;
487;Standard;0;Kartesisch;0.500;2.000;0.000;
488;Standard;0;Kartesisch;0.500;2.250;0.000;
489;Standard;0;Kartesisch;0.500;2.500;0.000;
490;Standard;0;Kartesisch;0.500;2.750;0.000;
491;Standard;0;Kartesisch;0.500;3.000;0.000;
492;Standard;0;Kartesisch;0.500;3.250;0.000;
493;Standard;0;Kartesisch;0.500;3.500;0.000;
494;Standard;0;Kartesisch;0.750;-3.500;0.000;
495;Standard;0;Kartesisch;0.750;-3.250;0.000;
496;Standard;0;Kartesisch;0.750;-3.000;0.000;
497;Standard;0;Kartesisch;0.750;-2.750;0.000;
498;Standard;0;Kartesisch;0.750;-2.500;0.000;
499;Standard;0;Kartesisch;0.750;-2.250;0.000;
500;Standard;0;Kartesisch;0.750;-2.000;0.000;
501;Standard;0;Kartesisch;0.750;-1.750;0.000;
502;Standard;0;Kartesisch;0.750;-1.500;0.000;
503;Standard;0;Kartesisch;0.750;-1.250;0.000;
504;Standard;0;Kartesisch;0.750;-1.000;0.000;
505;Standard;0;Kartesisch;0.750;-0.750;0.000;
506;Standard;0;Kartesisch;0.750;-0.500;0.000;
507;Standard;0;Kartesisch;0.750;-0.250;0.000;
508;Standard;0;Kartesisch;0.750;0.000;0.000;
509;Standard;0;Kartesisch;0.750;0.250;0.000;
510;Standard;0;Kartesisch;0.750;0.500;0.000;
511;Standard;0;Kartesisch;0.750;0.750;0.000;
512;Standard;0;Kartesisch;0.750;1.000;0.000;
513;Standard;0;Kartesisch;0.750;1.250;0.000;
514;Standard;0;Kartesisch;0.750;1.500;0.000;
515;Standard;0;Kartesisch;0.750;1.750;0.000;
516;Standard;0;Kartesisch;0.750;2.000;0.000;
517;Standard;0;Kartesisch;0.750;2.250;0.000;
518;Standard;0;Kartesisch;0.750;2.500;0.000;
519;Standard;0;Kartesisch;0.750;2.750;0.000;
520;Standard;0;Kartesisch;0.750;3.000;0.000;
521;Standard;0;Kartesisch;0.750;3.250;0.000;
522;Standard;0;Kartesisch;0.750;3.500;0.000;
523;Standard;0;Kartesisch;1.000;-3.500;0.000;
524;Standard;0;Kartesisch;1.000;-3.250;0.000;
525;Standard;0;Kartesisch;1.000;-3.000;0.000;
526;Standard;0;Kartesisch;1.000;-2.750;0.000;
527;Standard;0;Kartesisch;1.000;-2.500;0.000;
528;Standard;0;Kartesisch;1.000;-2.250;0.000;
529;Standard;0;Kartesisch;1.000;-2.000;0.000;
530;Standard;0;Kartesisch;1.000;-1.750;0.000;
531;Standard;0;Kartesisch;1.000;-1.500;0.000;
532;Standard;0;Kartesisch;1.000;-1.250;0.000;
533;Standard;0;Kartesisch;1.000;-1.000;0.000;
534;Standard;0;Kartesisch;1.000;-0.750;0.000;
535;Standard;0;Kartesisch;1.000;-0.500;0.000;
536;Standard;0;Kartesisch;1.000;-0.250;0.000;
537;Standard;0;Kartesisch;1.000;0.000;0.000;
538;Standard;0;Kartesisch;1.000;0.250;0.000;
539;Standard;0;Kartesisch;1.000;0.500;0.000;
540;Standard;0;Kartesisch;1.000;0.750;0.000;
541;Standard;0;Kartesisch;1.000;1.000;0.000;
542;Standard;0;Kartesisch;1.000;1.250;0.000;
543;Standard;0;Kartesisch;1.000;1.500;0.000;
544;Standard;0;Kartesisch;1.000;1.750;0.000;
545;Standard;0;Kartesisch;1.000;2.000;0.000;
546;Standard;0;Kartesisch;1.000;2.250;0.000;
547;Standard;0;Kartesisch;1.000;2.500;0.000;
548;Standard;0;Kartesisch;1.000;2.750;0.000;
549;Standard;0;Kartesisch;1.000;3.000;0.000;
550;Standard;0;Kartesisch;1.000;3.250;0.000;
551;Standard;0;Kartesisch;1.000;3.500;0.000;
552;Standard;0;Kartesisch;1.250;-3.500;0.000;
553;Standard;0;Kartesisch;1.250;-3.250;0.000;
554;Standard;0;Kartesisch;1.250;-3.000;0.000;
555;Standard;0;Kartesisch;1.250;-2.750;0.000;
556;Standard;0;Kartesisch;1.250;-2.500;0.000;
557;Standard;0;Kartesisch;1.250;-2.250;0.000;
558;Standard;0;Kartesisch;1.250;-2.000;0.000;
559;Standard;0;Kartesisch;1.250;-1.750;0.000;
560;Standard;0;Kartesisch;1.250;-1.500;0.000;
561;Standard;0;Kartesisch;1.250;-1.250;0.000;
562;Standard;0;Kartesisch;1.250;-1.000;0.000;
563;Standard;0;Kartesisch;1.250;-0.750;0.000;
564;Standard;0;Kartesisch;1.250;-0.500;0.000;
565;Standard;0;Kartesisch;1.250;-0.250;0.000;
566;Standard;0;Kartesisch;1.250;0.000;0.000;
567;Standard;0;Kartesisch;1.250;0.250;0.000;
568;Standard;0;Kartesisch;1.250;0.500;0.000;
569;Standard;0;Kartesisch;1.250;0.750;0.000;
570;Standard;0;Kartesisch;1.250;1.000;0.000;
571;Standard;0;Kartesisch;1.250;1.250;0.000;
572;Standard;0;Kartesisch;1.250;1.500;0.000;
573;Standard;0;Kartesisch;1.250;1.750;0.000;
574;Standard;0;Kartesisch;1.250;2.000;0.000;
575;Standard;0;Kartesisch;1.250;2.250;0.000;
576;Standard;0;Kartesisch;1.250;2.500;0.000;
577;Standard;0;Kartesisch;1.250;2.750;0.000;
578;Standard;0;Kartesisch;1.250;3.000;0.000;
579;Standard;0;Kartesisch;1.250;3.250;0.000;
580;Standard;0;Kartesisch;1.250;3.500;0.000;
581;Standard;0;Kartesisch;1.500;-3.500;0.000;
582;Standard;0;Kartesisch;1.500;-3.250;0.000;
583;Standard;0;Kartesisch;1.500;-3.000;0.000;
584;Standard;0;Kartesisch;1.500;-2.750;0.000;
585;Standard;0;Kartesisch;1.500;-2.500;0.000;
586;Standard;0;Kartesisch;1.500;-2.250;0.000;
587;Standard;0;Kartesisch;1.500;-2.000;0.000;
588;Standard;0;Kartesisch;1.500;-1.750;0.000;
589;Standard;0;Kartesisch;1.500;-1.500;0.000;
590;Standard;0;Kartesisch;1.500;-1.250;0.000;
591;Standard;0;Kartesisch;1.500;-1.000;0.000;
592;Standard;0;Kartesisch;1.500;-0.750;0.000;
593;Standard;0;Kartesisch;1.500;-0.500;0.000;
594;Standard;0;Kartesisch;1.500;-0.250;0.000;
595;Standard;0;Kartesisch;1.500;0.000;0.000;
596;Standard;0;Kartesisch;1.500;0.250;0.000;
597;Standard;0;Kartesisch;1.500;0.500;0.000;
598;Standard;0;Kartesisch;1.500;0.750;0.000;
599;Standard;0;Kartesisch;1.500;1.000;0.000;
600;Standard;0;Kartesisch;1.500;1.250;0.000;
601;Standard;0;Kartesisch;1.500;1.500;0.000;
602;Standard;0;Kartesisch;1.500;1.750;0.000;
603;Standard;0;Kartesisch;1.500;2.000;0.000;
604;Standard;0;Kartesisch;1.500;2.250;0.000;
605;Standard;0;Kartesisch;1.500;2.500;0.000;
606;Standard;0;Kartesisch;1.500;2.750;0.000;
607;Standard;0;Kartesisch;1.500;3.000;0.000;
608;Standard;0;Kartesisch;1.500;3.250;0.000;
609;Standard;0;Kartesisch;1.500;3.500;0.000;
610;Standard;0;Kartesisch;1.750;-3.500;0.000;
611;Standard;0;Kartesisch;1.750;-3.250;0.000;
612;Standard;0;Kartesisch;1.750;-3.000;0.000;
613;Standard;0;Kartesisch;1.750;-2.750;0.000;
614;Standard;0;Kartesisch;1.750;-2.500;0.000;
615;Standard;0;Kartesisch;1.750;-2.250;0.000;
616;Standard;0;Kartesisch;1.750;-2.000;0.000;
617;Standard;0;Kartesisch;1.750;-1.750;0.000;
618;Standard;0;Kartesisch;1.750;-1.500;0.000;
619;Standard;0;Kartesisch;1.750;-1.250;0.000;
620;Standard;0;Kartesisch;1.750;-1.000;0.000;
621;Standard;0;Kartesisch;1.750;-0.750;0.000;
622;Standard;0;Kartesisch;1.750;-0.500;0.000;
623;Standard;0;Kartesisch;1.750;-0.250;0.000;
624;Standard;0;Kartesisch;1.750;0.000;0.000;
625;Standard;0;Kartesisch;1.750;0.250;0.000;
626;Standard;0;Kartesisch;1.750;0.500;0.000;
627;Standard;0;Kartesisch;1.750;0.750;0.000;
628;Standard;0;Kartesisch;1.750;1.000;0.000;
629;Standard;0;Kartesisch;1.750;1.250;0.000;
630;Standard;0;Kartesisch;1.750;1.500;0.000;
631;Standard;0;Kartesisch;1.750;1.750;0.000;
632;Standard;0;Kartesisch;1.750;2.000;0.000;
633;Standard;0;Kartesisch;1.750;2.250;0.000;
634;Standard;0;Kartesisch;1.750;2.500;0.000;
635;Standard;0;Kartesisch;1.750;2.750;0.000;
636;Standard;0;Kartesisch;1.750;3.000;0.000;
637;Standard;0;Kartesisch;1.750;3.250;0.000;
638;Standard;0;Kartesisch;1.750;3.500;0.000;
639;Standard;0;Kartesisch;2.000;-3.500;0.000;
640;Standard;0;Kartesisch;2.000;-3.250;0.000;
641;Standard;0;Kartesisch;2.000;-3.000;0.000;
642;Standard;0;Kartesisch;2.000;-2.750;0.000;
643;Standard;0;Kartesisch;2.000;-2.500;0.000;
644;Standard;0;Kartesisch;2.000;-2.250;0.000;
645;Standard;0;Kartesisch;2.000;-2.000;0.000;
646;Standard;0;Kartesisch;2.000;-1.750;0.000;
647;Standard;0;Kartesisch;2.000;-1.500;0.000;
648;Standard;0;Kartesisch;2.000;-1.250;0.000;
649;Standard;0;Kartesisch;2.000;-1.000;0.000;
650;Standard;0;Kartesisch;2.000;-0.750;0.000;
651;Standard;0;Kartesisch;2.000;-0.500;0.000;
652;Standard;0;Kartesisch;2.000;-0.250;0.000;
653;Standard;0;Kartesisch;2.000;0.000;0.000;
654;Standard;0;Kartesisch;2.000;0.250;0.000;
655;Standard;0;Kartesisch;2.000;0.500;0.000;
656;Standard;0;Kartesisch;2.000;0.750;0.000;
657;Standard;0;Kartesisch;2.000;1.000;0.000;
658;Standard;0;Kartesisch;2.000;1.250;0.000;
659;Standard;0;Kartesisch;2.000;1.500;0.000;
660;Standard;0;Kartesisch;2.000;1.750;0.000;
661;Standard;0;Kartesisch;2.000;2.000;0.000;
662;Standard;0;Kartesisch;2.000;2.250;0.000;
663;Standard;0;Kartesisch;2.000;2.500;0.000;
664;Standard;0;Kartesisch;2.000;2.750;0.000;
665;Standard;0;Kartesisch;2.000;3.000;0.000;
666;Standard;0;Kartesisch;2.000;3.250;0.000;
667;Standard;0;Kartesisch;2.000;3.500;0.000;
668;Standard;0;Kartesisch;2.250;-3.500;0.000;
669;Standard;0;Kartesisch;2.250;-3.250;0.000;
670;Standard;0;Kartesisch;2.250;-3.000;0.000;
671;Standard;0;Kartesisch;2.250;-2.750;0.000;
672;Standard;0;Kartesisch;2.250;-2.500;0.000;
673;Standard;0;Kartesisch;2.250;-2.250;0.000;
674;Standard;0;Kartesisch;2.250;-2.000;0.000;
675;Standard;0;Kartesisch;2.250;-1.750;0.000;
676;Standard;0;Kartesisch;2.250;-1.500;0.000;
677;Standard;0;Kartesisch;2.250;-1.250;0.000;
678;Standard;0;Kartesisch;2.250;-1.000;0.000;
679;Standard;0;Kartesisch;2.250;-0.750;0.000;
680;Standard;0;Kartesisch;2.250;-0.500;0.000;
681;Standard;0;Kartesisch;2.250;-0.250;0.000;
682;Standard;0;Kartesisch;2.250;0.000;0.000;
683;Standard;0;Kartesisch;2.250;0.250;0.000;
684;Standard;0;Kartesisch;2.250;0.500;0.000;
685;Standard;0;Kartesisch;2.250;0.750;0.000;
686;Standard;0;Kartesisch;2.250;1.000;0.000;
687;Standard;0;Kartesisch;2.250;1.250;0.000;
688;Standard;0;Kartesisch;2.250;1.500;0.000;
689;Standard;0;Kartesisch;2.250;1.750;0.000;
690;Standard;0;Kartesisch;2.250;2.000;0.000;
691;Standard;0;Kartesisch;2.250;2.250;0.000;
692;Standard;0;Kartesisch;2.250;2.500;0.000;
693;Standard;0;Kartesisch;2.250;2.750;0.000;
694;Standard;0;Kartesisch;2.250;3.000;0.000;
695;Standard;0;Kartesisch;2.250;3.250;0.000;
696;Standard;0;Kartesisch;2.250;3.500;0.000;
697;Standard;0;Kartesisch;2.500;-3.500;0.000;
698;Standard;0;Kartesisch;2.500;-3.250;0.000;
699;Standard;0;Kartesisch;2.500;-3.000;0.000;
700;Standard;0;Kartesisch;2.500;-2.750;0.000;
701;Standard;0;Kartesisch;2.500;-2.500;0.000;
702;Standard;0;Kartesisch;2.500;-2.250;0.000;
703;Standard;0;Kartesisch;2.500;-2.000;0.000;
704;Standard;0;Kartesisch;2.500;-1.750;0.000;
705;Standard;0;Kartesisch;2.500;-1.500;0.000;
706;Standard;0;Kartesisch;2.500;-1.250;0.000;
707;Standard;0;Kartesisch;2.500;-1.000;0.000;
708;Standard;0;Kartesisch;2.500;-0.750;0.000;
709;Standard;0;Kartesisch;2.500;-0.500;0.000;
710;Standard;0;Kartesisch;2.500;-0.250;0.000;
711;Standard;0;Kartesisch;2.500;0.000;0.000;
712;Standard;0;Kartesisch;2.500;0.250;0.000;
713;Standard;0;Kartesisch;2.500;0.500;0.000;
714;Standard;0;Kartesisch;2.500;0.750;0.000;
715;Standard;0;Kartesisch;2.500;1.000;0.000;
716;Standard;0;Kartesisch;2.500;1.250;0.000;
717;Standard;0;Kartesisch;2.500;1.500;0.000;
718;Standard;0;Kartesisch;2.500;1.750;0.000;
719;Standard;0;Kartesisch;2.500;2.000;0.000;
720;Standard;0;Kartesisch;2.500;2.250;0.000;
721;Standard;0;Kartesisch;2.500;2.500;0.000;
722;Standard;0;Kartesisch;2.500;2.750;0.000;
723;Standard;0;Kartesisch;2.500;3.000;0.000;
724;Standard;0;Kartesisch;2.500;3.250;0.000;
725;Standard;0;Kartesisch;2.500;3.500;0.000;
726;Standard;0;Kartesisch;2.750;-3.500;0.000;
727;Standard;0;Kartesisch;2.750;-3.250;0.000;
728;Standard;0;Kartesisch;2.750;-3.000;0.000;
729;Standard;0;Kartesisch;2.750;-2.750;0.000;
730;Standard;0;Kartesisch;2.750;-2.500;0.000;
731;Standard;0;Kartesisch;2.750;-2.250;0.000;
732;Standard;0;Kartesisch;2.750;-2.000;0.000;
733;Standard;0;Kartesisch;2.750;-1.750;0.000;
734;Standard;0;Kartesisch;2.750;-1.500;0.000;
735;Standard;0;Kartesisch;2.750;-1.250;0.000;
736;Standard;0;Kartesisch;2.750;-1.000;0.000;
737;Standard;0;Kartesisch;2.750;-0.750;0.000;
738;Standard;0;Kartesisch;2.750;-0.500;0.000;
739;Standard;0;Kartesisch;2.750;-0.250;0.000;
740;Standard;0;Kartesisch;2.750;0.000;0.000;
741;Standard;0;Kartesisch;2.750;0.250;0.000;
742;Standard;0;Kartesisch;2.750;0.500;0.000;
743;Standard;0;Kartesisch;2.750;0.750;0.000;
744;Standard;0;Kartesisch;2.750;1.000;0.000;
745;Standard;0;Kartesisch;2.750;1.250;0.000;
746;Standard;0;Kartesisch;2.750;1.500;0.000;
747;Standard;0;Kartesisch;2.750;1.750;0.000;
748;Standard;0;Kartesisch;2.750;2.000;0.000;
749;Standard;0;Kartesisch;2.750;2.250;0.000;
750;Standard;0;Kartesisch;2.750;2.500;0.000;
751;Standard;0;Kartesisch;2.750;2.750;0.000;
752;Standard;0;Kartesisch;2.750;3.000;0.000;
753;Standard;0;Kartesisch;2.750;3.250;0.000;
754;Standard;0;Kartesisch;2.750;3.500;0.000;
755;Standard;0;Kartesisch;3.000;-3.500;0.000;
756;Standard;0;Kartesisch;3.000;-3.250;0.000;
757;Standard;0;Kartesisch;3.000;-3.000;0.000;
758;Standard;0;Kartesisch;3.000;-2.750;0.000;
759;Standard;0;Kartesisch;3.000;-2.500;0.000;
760;Standard;0;Kartesisch;3.000;-2.250;0.000;
761;Standard;0;Kartesisch;3.000;-2.000;0.000;
762;Standard;0;Kartesisch;3.000;-1.750;0.000;
763;Standard;0;Kartesisch;3.000;-1.500;0.000;
764;Standard;0;Kartesisch;3.000;-1.250;0.000;
765;Standard;0;Kartesisch;3.000;-1.000;0.000;
766;Standard;0;Kartesisch;3.000;-0.750;0.000;
767;Standard;0;Kartesisch;3.000;-0.500;0.000;
768;Standard;0;Kartesisch;3.000;-0.250;0.000;
769;Standard;0;Kartesisch;3.000;0.000;0.000;
770;Standard;0;Kartesisch;3.000;0.250;0.000;
771;Standard;0;Kartesisch;3.000;0.500;0.000;
772;Standard;0;Kartesisch;3.000;0.750;0.000;
773;Standard;0;Kartesisch;3.000;1.000;0.000;
774;Standard;0;Kartesisch;3.000;1.250;0.000;
775;Standard;0;Kartesisch;3.000;1.500;0.000;
776;Standard;0;Kartesisch;3.000;1.750;0.000;
777;Standard;0;Kartesisch;3.000;2.000;0.000;
778;Standard;0;Kartesisch;3.000;2.250;0.000;
779;Standard;0;Kartesisch;3.000;2.500;0.000;
780;Standard;0;Kartesisch;3.000;2.750;0.000;
781;Standard;0;Kartesisch;3.000;3.000;0.000;
782;Standard;0;Kartesisch;3.000;3.250;0.000;
783;Standard;0;Kartesisch;3.000;3.500;0.000;
784;Standard;0;Kartesisch;3.250;-3.500;0.000;
785;Standard;0;Kartesisch;3.250;-3.250;0.000;
786;Standard;0;Kartesisch;3.250;-3.000;0.000;
787;Standard;0;Kartesisch;3.250;-2.750;0.000;
788;Standard;0;Kartesisch;3.250;-2.500;0.000;
789;Standard;0;Kartesisch;3.250;-2.250;0.000;
790;Standard;0;Kartesisch;3.250;-2.000;0.000;
791;Standard;0;Kartesisch;3.250;-1.750;0.000;
792;Standard;0;Kartesisch;3.250;-1.500;0.000;
793;Standard;0;Kartesisch;3.250;-1.250;0.000;
794;Standard;0;Kartesisch;3.250;-1.000;0.000;
795;Standard;0;Kartesisch;3.250;-0.750;0.000;
796;Standard;0;Kartesisch;3.250;-0.500;0.000;
797;Standard;0;Kartesisch;3.250;-0.250;0.000;
798;Standard;0;Kartesisch;3.250;0.000;0.000;
799;Standard;0;Kartesisch;3.250;0.250;0.000;
800;Standard;0;Kartesisch;3.250;0.500;0.000;
801;Standard;0;Kartesisch;3.250;0.750;0.000;
802;Standard;0;Kartesisch;3.250;1.000;0.000;
803;Standard;0;Kartesisch;3.250;1.250;0.000;
804;Standard;0;Kartesisch;3.250;1.500;0.000;
805;Standard;0;Kartesisch;3.250;1.750;0.000;
806;Standard;0;Kartesisch;3.250;2.000;0.000;
807;Standard;0;Kartesisch;3.250;2.250;0.000;
808;Standard;0;Kartesisch;3.250;2.500;0.000;
809;Standard;0;Kartesisch;3.250;2.750;0.000;
810;Standard;0;Kartesisch;3.250;3.000;0.000;
811;Standard;0;Kartesisch;3.250;3.250;0.000;
812;Standard;0;Kartesisch;3.250;3.500;0.000;
813;Standard;0;Kartesisch;3.500;-3.500;0.000;
814;Standard;0;Kartesisch;3.500;-3.250;0.000;
815;Standard;0;Kartesisch;3.500;-3.000;0.000;
816;Standard;0;Kartesisch;3.500;-2.750;0.000;
817;Standard;0;Kartesisch;3.500;-2.500;0.000;
818;Standard;0;Kartesisch;3.500;-2.250;0.000;
819;Standard;0;Kartesisch;3.500;-2.000;0.000;
820;Standard;0;Kartesisch;3.500;-1.750;0.000;
821;Standard;0;Kartesisch;3.500;-1.500;0.000;
822;Standard;0;Kartesisch;3.500;-1.250;0.000;
823;Standard;0;Kartesisch;3.500;-1.000;0.000;
824;Standard;0;Kartesisch;3.500;-0.750;0.000;
825;Standard;0;Kartesisch;3.500;-0.500;0.000;
826;Standard;0;Kartesisch;3.500;-0.250;0.000;
827;Standard;0;Kartesisch;3.500;0.000;0.000;
828;Standard;0;Kartesisch;3.500;0.250;0.000;
829;Standard;0;Kartesisch;3.500;0.500;0.000;
830;Standard;0;Kartesisch;3.500;0.750;0.000;
831;Standard;0;Kartesisch;3.500;1.000;0.000;
832;Standard;0;Kartesisch;3.500;1.250;0.000;
833;Standard;0;Kartesisch;3.500;1.500;0.000;
834;Standard;0;Kartesisch;3.500;1.750;0.000;
835;Standard;0;Kartesisch;3.500;2.000;0.000;
836;Standard;0;Kartesisch;3.500;2.250;0.000;
837;Standard;0;Kartesisch;3.500;2.500;0.000;
838;Standard;0;Kartesisch;3.500;2.750;0.000;
839;Standard;0;Kartesisch;3.500;3.000;0.000;
840;Standard;0;Kartesisch;3.500;3.250;0.000;
841;Standard;0;Kartesisch;3.500;3.500;0.000;
